Workbook

Sheet Resumen
A1: Tarifa de auto — entregable
A2: Generado desde Python (GLM Tweedie) · Diplomado ML Seguros
A4: Prima base | B4: 449.99824
A5: Pólizas en cartera | B5: 40000
A6: Hojas | B6: Factores · Cotizador · Control · Reprecio

Sheet Cotizador
A1: Cotizador de prima (Excel)
A2: Elige el perfil en los menús; la prima se calcula sola.
A4: Prima base | B4: 449.99824
A5: Característica | B5: Selección | C5: Factor
A6: Cobertura | B6: Amplia | C6: =VLOOKUP(B6,Factores!$A$5:$B$7,2,FALSE) -> 0
A7: Sexo | B7: F | C7: =VLOOKUP(B7,Factores!$A$10:$B$11,2,FALSE) -> 0
A8: Combustible | B8: Diesel | C8: =VLOOKUP(B8,Factores!$A$14:$B$16,2,FALSE) -> 0
A9: Edad (banda) | B9: (17, 30] | C9: =VLOOKUP(B9,Factores!$A$19:$B$25,2,FALSE) -> 0
A10: Potencia (banda) | B10: (40, 50] | C10: =VLOOKUP(B10,Factores!$A$28:$B$32,2,FALSE) -> 0
A11: Bonus (banda) | B11: (-1, 0] | C11: =VLOOKUP(B11,Factores!$A$35:$B$40,2,FALSE) -> 0
A13: PRIMA PURA ESTIMADA | B13: =B4*PRODUCT(C6:C11) -> 0

Sheet Factores
A1: Manual de tarifa — factores multiplicativos
A2: Prima base = $450.00 · prima = base × Π factores
A4: Cobertura | B4: Factor
A5: Amplia | B5: 1
A6: Limitada | B6: 0.39903422
A7: RC | B7: 0.22605754
A9: Sexo | B9: Factor
A10: F | B10: 1
A11: M | B11: 1.1517264
A13: Combustible | B13: Factor
A14: Diesel | B14: 1
A15: Gasolina | B15: 0.86082261
A16: Hibrido | B16: 0.74597383
A18: Edad (banda) | B18: Factor
A19: (17, 30] | B19: 1
A20: (30, 35] | B20: 0.8158457
A21: (35, 45] | B21: 0.7920394
A22: (45, 50] | B22: 0.78371516
A23: (50, 55] | B23: 0.67006465
A24: (55, 60] | B24: 0.84960154
A25: (60, 95] | B25: 0.74198784
A27: Potencia (banda) | B27: Factor
A28: (40, 50] | B28: 1
A29: (50, 60] | B29: 1.0756016
A30: (60, 70] | B30: 1.1359092
A31: (70, 250] | B31: 2.238621
A32: (9, 40] | B32: 0.49457253
A34: Bonus (banda) | B34: Factor
A35: (-1, 0] | B35: 1
A36: (0, 1] | B36: 0.97800992
A37: (1, 2] | B37: 1.231196
A38: (10, 25] | B38: 1.9747925
A39: (2, 5] | B39: 1.2059932
A40: (5, 10] | B40: 1.50096

Sheet Control
A1: Cobertura | B1: Sexo | C1: Combustible | D1: Edad (banda) | E1: Potencia (banda) | F1: Bonus (banda) | G1: Prima Python | H1: Prima Excel | I1: Diferencia
A2: Amplia | B2: M | C2: Gasolina | D2: (60, 95] | E2: (70, 250] | F2: (5, 10] | G2: 1112.2958 | H2: =449.9982382283797*VLOOKUP(A2,Factores!$A$5:$B$7,2,FALSE)*VLOOKUP(B2,Factores!$A$10:$B$11,2,FALSE)*VLOOKUP(C2,Factores!$A$14:$B$16,2,FALSE)*VLOOKUP(D2,Factores!$A$19:$B$25,2,FALSE)*VLOOKUP(E2,Factores!$A$28:$B$32,2,FALSE)*VLOOKUP(F2,Factores!$A$35:$B$40,2,FALSE) -> 0 | I2: =H2-G2 -> 0
A3: RC | B3: M | C3: Gasolina | D3: (60, 95] | E3: (70, 250] | F3: (5, 10] | G3: 251.44285 | H3: =449.9982382283797*VLOOKUP(A3,Factores!$A$5:$B$7,2,FALSE)*VLOOKUP(B3,Factores!$A$10:$B$11,2,FALSE)*VLOOKUP(C3,Factores!$A$14:$B$16,2,FALSE)*VLOOKUP(D3,Factores!$A$19:$B$25,2,FALSE)*VLOOKUP(E3,Factores!$A$28:$B$32,2,FALSE)*VLOOKUP(F3,Factores!$A$35:$B$40,2,FALSE) -> 0 | I3: =H3-G3 -> 0
A4: Limitada | B4: M | C4: Gasolina | D4: (17, 30] | E4: (70, 250] | F4: (10, 25] | G4: 787.0204 | H4: =449.9982382283797*VLOOKUP(A4,Factores!$A$5:$B$7,2,FALSE)*VLOOKUP(B4,Factores!$A$10:$B$11,2,FALSE)*VLOOKUP(C4,Factores!$A$14:$B$16,2,FALSE)*VLOOKUP(D4,Factores!$A$19:$B$25,2,FALSE)*VLOOKUP(E4,Factores!$A$28:$B$32,2,FALSE)*VLOOKUP(F4,Factores!$A$35:$B$40,2,FALSE) -> 0 | I4: =H4-G4 -> 0
A5: Amplia | B5: M | C5: Gasolina | D5: (60, 95] | E5: (70, 250] | F5: (10, 25] | G5: 1463.4323 | H5: =449.9982382283797*VLOOKUP(A5,Factores!$A$5:$B$7,2,FALSE)*VLOOKUP(B5,Factores!$A$10:$B$11,2,FALSE)*VLOOKUP(C5,Factores!$A$14:$B$16,2,FALSE)*VLOOKUP(D5,Factores!$A$19:$B$25,2,FALSE)*VLOOKUP(E5,Factores!$A$28:$B$32,2,FALSE)*VLOOKUP(F5,Factores!$A$35:$B$40,2,FALSE) -> 0 | I5: =H5-G5 -> 0
A6: RC | B6: F | C6: Gasolina | D6: (45, 50] | E6: (50, 60] | F6: (5, 10] | G6: 110.79555 | H6: =449.9982382283797*VLOOKUP(A6,Factores!$A$5:$B$7,2,FALSE)*VLOOKUP(B6,Factores!$A$10:$B$11,2,FALSE)*VLOOKUP(C6,Factores!$A$14:$B$16,2,FALSE)*VLOOKUP(D6,Factores!$A$19:$B$25,2,FALSE)*VLOOKUP(E6,Factores!$A$28:$B$32,2,FALSE)*VLOOKUP(F6,Factores!$A$35:$B$40,2,FALSE) -> 0 | I6: =H6-G6 -> 0
A7: Amplia | B7: M | C7: Gasolina | D7: (17, 30] | E7: (70, 250] | F7: (10, 25] | G7: 1972.313 | H7: =449.9982382283797*VLOOKUP(A7,Factores!$A$5:$B$7,2,FALSE)*VLOOKUP(B7,Factores!$A$10:$B$11,2,FALSE)*VLOOKUP(C7,Factores!$A$14:$B$16,2,FALSE)*VLOOKUP(D7,Factores!$A$19:$B$25,2,FALSE)*VLOOKUP(E7,Factores!$A$28:$B$32,2,FALSE)*VLOOKUP(F7,Factores!$A$35:$B$40,2,FALSE) -> 0 | I7: =H7-G7 -> 0
A8: Limitada | B8: M | C8: Diesel | D8: (60, 95] | E8: (70, 250] | F8: (1, 2] | G8: 422.93618 | H8: =449.9982382283797*VLOOKUP(A8,Factores!$A$5:$B$7,2,FALSE)*VLOOKUP(B8,Factores!$A$10:$B$11,2,FALSE)*VLOOKUP(C8,Factores!$A$14:$B$16,2,FALSE)*VLOOKUP(D8,Factores!$A$19:$B$25,2,FALSE)*VLOOKUP(E8,Factores!$A$28:$B$32,2,FALSE)*VLOOKUP(F8,Factores!$A$35:$B$40,2,FALSE) -> 0 | I8: =H8-G8 -> 0
A9: RC | B9: F | C9: Gasolina | D9: (60, 95] | E9: (50, 60] | F9: (10, 25] | G9: 138.01084 | H9: =449.9982382283797*VLOOKUP(A9,Factores!$A$5:$B$7,2,FALSE)*VLOOKUP(B9,Factores!$A$10:$B$11,2,FALSE)*VLOOKUP(C9,Factores!$A$14:$B$16,2,FALSE)*VLOOKUP(D9,Factores!$A$19:$B$25,2,FALSE)*VLOOKUP(E9,Factores!$A$28:$B$32,2,FALSE)*VLOOKUP(F9,Factores!$A$35:$B$40,2,FALSE) -> 0 | I9: =H9-G9 -> 0
A11: La columna Diferencia debe ser ~0: el Excel reproduce al modelo.

Sheet Reprecio
A1: cobertura | B1: sexo | C1: combustible | D1: edad_conductor_cat | E1: potencia_cat | F1: nivel_bonus_cat | G1: prima_glm | H1: impacto
A2: RC | B2: M | C2: Gasolina | D2: (30, 35] | E2: (70, 250] | F2: (1, 2] | G2: 226.78201 | H2: -0.496038
A3: Amplia | B3: M | C3: Gasolina | D3: (60, 95] | E3: (70, 250] | F3: (10, 25] | G3: 1463.4323 | H3: 2.2520845
A4: RC | B4: M | C4: Gasolina | D4: (35, 45] | E4: (70, 250] | F4: (5, 10] | G4: 268.40419 | H4: -0.40354392
A5: Limitada | B5: M | C5: Gasolina | D5: (45, 50] | E5: (70, 250] | F5: (10, 25] | G5: 616.79982 | H5: 0.37067163
A6: Limitada | B6: F | C6: Gasolina | D6: (60, 95] | E6: (70, 250] | F6: (10, 25] | G6: 507.02977 | H6: 0.12673722
A7: Limitada | B7: M | C7: Gasolina | D7: (17, 30] | E7: (50, 60] | F7: (10, 25] | G7: 378.1437 | H7: -0.15967738
A8: RC | B8: M | C8: Gasolina | D8: (55, 60] | E8: (70, 250] | F8: (2, 5] | G8: 231.33083 | H8: -0.48592948
A9: Amplia | B9: F | C9: Gasolina | D9: (50, 55] | E9: (70, 250] | F9: (-1, 0] | G9: 581.06105 | H9: 0.29125183
A10: Limitada | B10: F | C10: Diesel | D10: (60, 95] | E10: (70, 250] | F10: (10, 25] | G10: 589.0061 | H10: 0.30890756
A11: Limitada | B11: F | C11: Diesel | D11: (60, 95] | E11: (50, 60] | F11: (5, 10] | G11: 215.09897 | H11: -0.52200043
A12: RC | B12: M | C12: Diesel | D12: (50, 55] | E12: (70, 250] | F12: (5, 10] | G12: 263.78223 | H12: -0.41381496
A13: RC | B13: F | C13: Diesel | D13: (60, 95] | E13: (70, 250] | F13: (2, 5] | G13: 203.77552 | H13: -0.54716373
... A201: Limitada | B201: F | C201: Gasolina | D201: (35, 45] | E201: (70, 250] | F201: (10, 25] | G201: 541.23199 | H201: 0.20274246
