Workbook

Sheet README
A1: Workbook type | B1: Development Method — Reference Values
A2: Run ID | B2: 2e32e596-6d90-4aea-ad4e-fb637f8b4696
A3: Generated at | B3: 2026-10-14T19:10:54.500847+00:00
A4: Cutoff | B4: 2022-12
A5: Basis | B5: month
A6: Concept | B6: Loss Incurred
A7: Level 1 | B7: Synthetic
A8: Level 2 | B8: Portfolio
A9: Level 3 | B9: Auto
A10: Source | B10: synthetic_monthly_multiconcept_database.csv (fully synthetic, seed=42)
A11: Units | B11: Unspecified
A12: Method | B12: Development Method
... A15: Schema version | B15: 1.0
A17: Additional development | B17: =Ultimate - Current Incurred. NOT equivalent to total IBNR without additional data. -> 0
A19: Windows validation | B19: Open in Excel, press Ctrl+Alt+F9, verify Formula Calculations column E matches Python Reference Ultimate.

Sheet Cumulative
A1: accident_period | B1: 0 | C1: 1 | D1: 2 | E1: 3 | F1: 4 | G1: 5 | H1: 6 | I1: 7 | J1: 8 | K1: 9 | L1: 10 | M1: 11 | N1: 12 | O1: 13 | P1: 14 | Q1: 15 | R1: 16 | S1: 17 | T1: 18 | U1: 19 | V1: 20 | W1: 21 | X1: 22 | Y1: 23 | Z1: 24 | AA1: 25 | AB1: 26 | AC1: 27 | AD1: 28 | AE1: 29 | AF1: 30 | AG1: 31 | AH1: 32 | AI1: 33 | AJ1: 34 | AK1: 35 | AL1: 36 | AM1: 37 | AN1: 38 | AO1: 39 | AP1: 40 | AQ1: 41 | AR1: 42 | AS1: 43 | AT1: 44 | AU1: 45 | AV1: 46 | AW1: 47 | AX1: 48 | AY1: 49 | AZ1: 50 | BA1: 51 | BB1: 52 | BC1: 53 | BD1: 54 | BE1: 55 | BF1: 56 | BG1: 57 | BH1: 58 | BI1: 59 | BJ1: 60 | BK1: 61 | BL1: 62 | BM1: 63 | BN1: 64 | BO1: 65 | BP1: 66 | BQ1: 67 | BR1: 68 | BS1: 69 | BT1: 70 | BU1: 71 | BV1: 72 | BW1: 73 | BX1: 74 | BY1: 75 | BZ1: 76 | CA1: 77 | CB1: 78 | CC1: 79 | CD1: 80 | CE1: 81 | CF1: 82 | CG1: 83
A2: 2016-01 | B2: 37434.057 | C2: 42532.107 | D2: 48179.606 | E2: 54396.382 | F2: 61192.412 | G2: 68565.45 | H2: 76498.856 | I2: 84959.905 | J2: 93898.829 | K2: 103248.84 | L2: 112927.32 | M2: 122838.17 | N2: 132875.36 | O2: 142927.29 | P2: 152881.73 | Q2: 162630.73 | R2: 172075.22 | S2: 181128.78 | T2: 189720.32 | U2: 197795.56 | V2: 205317.38 | W2: 212265.08 | X2: 218632.84 | Y2: 224427.67 | Z2: 229667.04 | AA2: 234376.52 | AB2: 238587.44 | AC2: 242334.89 | AD2: 245655.9 | AE2: 248588.09 | AF2: 251168.47 | AG2: 253432.71 | AH2: 255414.51 | AI2: 257145.25 | AJ2: 258653.8 | AK2: 259966.47 | AL2: 261107 | AM2: 262096.72 | AN2: 262954.6 | AO2: 263697.5 | AP2: 264340.29 | AQ2: 264896.05 | AR2: 265376.28 | AS2: 265791.01 | AT2: 266149.01 | AU2: 266457.92 | AV2: 266724.38 | AW2: 266954.15 | AX2: 267152.22 | AY2: 267322.95 | AZ2: 267470.07 | BA2: 267596.82 | BB2: 267706.02 | BC2: 267800.08 | BD2: 267881.08 | BE2: 267950.85 | BF2: 268010.92 | BG2: 268062.65 | BH2: 268107.19 | BI2: 268145.54 | BJ2: 268178.56 | BK2: 268206.98 | BL2: 268231.45 | BM2: 268252.51 | BN2: 268270.64 | BO2: 268286.25 | BP2: 268299.69 | BQ2: 268311.25 | BR2: 268321.21 | BS2: 268329.78 | BT2: 268337.15 | BU2: 268343.5 | BV2: 268348.97 | BW2: 268353.67 | BX2: 268357.72 | BY2: 268361.2 | BZ2: 268364.2 | CA2: 268366.79 | CB2: 268369.01 | CC2: 268370.92 | CD2: 268372.57 | CE2: 268373.98 | CF2: 268375.2 | CG2: 268376.25
A3: 2016-02 | B3: 88815.648 | C3: 101103.48 | D3: 114770.43 | E3: 129882.04 | F3: 146482.58 | G3: 164588.87 | H3: 184184.15 | I3: 205212.81 | J3: 227576.43 | K3: 251132.13 | L3: 275693.4 | M3: 301034.19 | N3: 326896.02 | O3: 352997.88 | P3: 379048.13 | Q3: 404757.45 | R3: 429851.48 | S3: 454082.17 | T3: 477236.76 | U3: 499143.83 | V3: 519676.2 | W3: 538750.87 | X3: 556326.45 | Y3: 572398.69 | Z3: 586994.78 | AA3: 600167.22 | AB3: 611987.57 | AC3: 622540.71 | AD3: 631919.71 | AE3: 640221.56 | AF3: 647543.71 | AG3: 653981.38 | AH3: 659625.72 | AI3: 664562.46 | AJ3: 668871.1 | AK3: 672624.57 | AL3: 675889.11 | AM3: 678724.4 | AN3: 681183.88 | AO3: 683315.09 | AP3: 685160.15 | AQ3: 686756.2 | AR3: 688135.91 | AS3: 689327.88 | AT3: 690357.12 | AU3: 691245.47 | AV3: 692011.91 | AW3: 692672.95 | AX3: 693242.93 | AY3: 693734.26 | AZ3: 694157.72 | BA3: 694522.6 | BB3: 694836.97 | BC3: 695107.77 | BD3: 695341.03 | BE3: 695541.92 | BF3: 695714.92 | BG3: 695863.89 | BH3: 695992.16 | BI3: 696102.6 | BJ3: 696197.69 | BK3: 696279.55 | BL3: 696350.03 | BM3: 696410.7 | BN3: 696462.92 | BO3: 696507.88 | BP3: 696546.58 | BQ3: 696579.9 | BR3: 696608.57 | BS3: 696633.26 | BT3: 696654.5 | BU3: 696672.79 | BV3: 696688.53 | BW3: 696702.08 | BX3: 696713.75 | BY3: 696723.79 | BZ3: 696732.43 | CA3: 696739.86 | CB3: 696746.26 | CC3: 696751.77 | CD3: 696756.52 | CE3: 696760.6 | CF3: 696764.11
A4: 2016-03 | B4: 154494.7 | C4: 175438.96 | D4: 198613.8 | E4: 224092.27 | F4: 251905.93 | G4: 282035.34 | H4: 314401.63 | I4: 348860.14 | J4: 385197.29 | K4: 423131.46 | L4: 462318.69 | M4: 502363.2 | N4: 542832.25 | O4: 583274.37 | P4: 623239.28 | Q4: 662297.74 | R4: 700059.4 | S4: 736187.22 | T4: 770407.48 | U4: 802514.78 | V4: 832372.52 | W4: 859909.25 | X4: 885112.05 | Y4: 908017.89 | Z4: 928704.11 | AA4: 947278.76 | AB4: 963871.49 | AC4: 978625.59 | AD4: 991691.08 | AE4: 1003219.3 | AF4: 1013358.5 | AG4: 1022250.9 | AH4: 1030030.6 | AI4: 1036822.1 | AJ4: 1042739.8 | AK4: 1047887.5 | AL4: 1052359 | AM4: 1056238.4 | AN4: 1059600.4 | AO4: 1062511.2 | AP4: 1065029.5 | AQ4: 1067206.5 | AR4: 1069087.5 | AS4: 1070711.7 | AT4: 1072113.7 | AU4: 1073323.3 | AV4: 1074366.7 | AW4: 1075266.3 | AX4: 1076041.8 | AY4: 1076710.2 | AZ4: 1077286.2 | BA4: 1077782.4 | BB4: 1078209.9 | BC4: 1078578.1 | BD4: 1078895.2 | BE4: 1079168.3 | BF4: 1079403.4 | BG4: 1079605.9 | BH4: 1079780.3 | BI4: 1079930.4 | BJ4: 1080059.6 | BK4: 1080170.9 | BL4: 1080266.6 | BM4: 1080349.1 | BN4: 1080420.1 | BO4: 1080481.1 | BP4: 1080533.7 | BQ4: 1080579 | BR4: 1080618 | BS4: 1080651.5 | BT4: 1080680.4 | BU4: 1080705.2 | BV4: 1080726.6 | BW4: 1080745 | BX4: 1080760.9 | BY4: 1080774.5 | BZ4: 1080786.3 | CA4: 1080796.4 | CB4: 1080805.1 | CC4: 1080812.6 | CD4: 1080819 | CE4: 1080824.5
A5: 2016-04 | B5: 103617.09 | C5: 117427.08 | D5: 132643.16 | E5: 149293.84 | F5: 167378.14 | G5: 186860.09 | H5: 207664.3 | I5: 229673.33 | J5: 252727.39 | K5: 276626.78 | L5: 301137.45 | M5: 325999.29 | N5: 350936.82 | O5: 375671.16 | P5: 399932.46 | Q5: 423471.34 | R5: 446068.66 | S5: 467542.5 | T5: 487752.35 | U5: 506600.27 | V5: 524029.39 | W5: 540020.4 | X5: 554586.58 | Y5: 567768 | Z5: 579625.58 | AA5: 590235.36 | AB5: 599683.29 | AC5: 608060.78 | AD5: 615461.07 | AE5: 621976.32 | AF5: 627695.53 | AG5: 632702.98 | AH5: 637077.36 | AI5: 640891.15 | AJ5: 644210.46 | AK5: 647095.08 | AL5: 649598.65 | AM5: 651769.07 | AN5: 653648.81 | AO5: 655275.42 | AP5: 656681.95 | AQ5: 657897.41 | AR5: 658947.17 | AS5: 659853.4 | AT5: 660635.39 | AU5: 661309.94 | AV5: 661891.64 | AW5: 662393.14 | AX5: 662825.38 | AY5: 663197.87 | AZ5: 663518.82 | BA5: 663795.3 | BB5: 664033.46 | BC5: 664238.58 | BD5: 664415.23 | BE5: 664567.35 | BF5: 664698.34 | BG5: 664811.12 | BH5: 664908.22 | BI5: 664991.83 | BJ5: 665063.8 | BK5: 665125.76 | BL5: 665179.1 | BM5: 665225.01 | BN5: 665264.54 | BO5: 665298.56 | BP5: 665327.85 | BQ5: 665353.06 | BR5: 665374.76 | BS5: 665393.44 | BT5: 665409.51 | BU5: 665423.35 | BV5: 665435.26 | BW5: 665445.52 | BX5: 665454.34 | BY5: 665461.94 | BZ5: 665468.47 | CA5: 665474.1 | CB5: 665478.94 | CC5: 665483.11 | CD5: 665486.7
A6: 2016-05 | B6: 45657.879 | C6: 51793.049 | D6: 58566.607 | E6: 65995.333 | F6: 74083.323 | G6: 82819.374 | H6: 92174.78 | I6: 102101.83 | J6: 112533.28 | K6: 123383.1 | L6: 134548.56 | M6: 145913.65 | N6: 157353.65 | O6: 168740.56 | P6: 179948.69 | Q6: 190860.21 | R6: 201369.82 | S6: 211388.45 | T6: 220845.56 | U6: 229690.1 | V6: 237890.2 | W6: 245431.8 | X6: 252316.55 | Y6: 258559.26 | Z6: 264185.16 | AA6: 269227.21 | AB6: 273723.62 | AC6: 277715.75 | AD6: 281246.23 | AE6: 284357.62 | AF6: 287091.27 | AG6: 289486.58 | AH6: 291580.49 | AI6: 293407.14 | AJ6: 294997.77 | AK6: 296380.72 | AL6: 297581.46 | AM6: 298622.77 | AN6: 299524.88 | AO6: 300305.71 | AP6: 300981.05 | AQ6: 301564.75 | AR6: 302068.97 | AS6: 302504.3 | AT6: 302880 | AU6: 303204.12 | AV6: 303483.64 | AW6: 303724.65 | AX6: 303932.39 | AY6: 304111.42 | AZ6: 304265.68 | BA6: 304398.58 | BB6: 304513.06 | BC6: 304611.67 | BD6: 304696.59 | BE6: 304769.72 | BF6: 304832.69 | BG6: 304886.91 | BH6: 304933.59 | BI6: 304973.79 | BJ6: 305008.39 | BK6: 305038.18 | BL6: 305063.82 | BM6: 305085.9 | BN6: 305104.9 | BO6: 305121.26 | BP6: 305135.34 | BQ6: 305147.46 | BR6: 305157.89 | BS6: 305166.87 | BT6: 305174.6 | BU6: 305181.26 | BV6: 305186.98 | BW6: 305191.91 | BX6: 305196.16 | BY6: 305199.81 | BZ6: 305202.95 | CA6: 305205.66 | CB6: 305207.99 | CC6: 305209.99
A7: 2016-06 | B7: 52017.537 | C7: 59184.236 | D7: 67146.75 | E7: 75940.484 | F7: 85588.039 | G7: 96095.635 | H7: 107449.7 | I7: 119613.95 | J7: 132527.38 | K7: 146103.52 | L7: 160231.29 | M7: 174777.67 | N7: 189592.05 | O7: 204512.18 | P7: 219371.11 | Q7: 234004.64 | R7: 248258.39 | S7: 261994.12 | T7: 275094.57 | U7: 287466.5 | V7: 299042.1 | W7: 309778.63 | X7: 319656.67 | Y7: 328677.47 | Z7: 336859.6 | AA7: 344235.37 | AB7: 350847.37 | AC7: 356745.19 | AD7: 361982.6 | AE7: 366615.2 | AF7: 370698.52 | AG7: 374286.61 | AH7: 377430.99 | AI7: 380180.01 | AJ7: 382578.37 | AK7: 384667.03 | AL7: 386483.1 | AM7: 388059.99 | AN7: 389427.58 | AO7: 390612.41 | AP7: 391638 | AQ7: 392525.05 | AR7: 393291.76 | AS7: 393954.08 | AT7: 394525.94 | AU7: 395019.47 | AV7: 395445.24 | AW7: 395812.45 | AX7: 396129.05 | AY7: 396401.96 | AZ7: 396637.15 | BA7: 396839.81 | BB7: 397014.41 | BC7: 397164.8 | BD7: 397294.34 | BE7: 397405.91 | BF7: 397501.98 | BG7: 397584.71 | BH7: 397655.95 | BI7: 397717.28 | BJ7: 397770.08 | BK7: 397815.54 | BL7: 397854.68 | BM7: 397888.37 | BN7: 397917.37 | BO7: 397942.34 | BP7: 397963.83 | BQ7: 397982.33 | BR7: 397998.25 | BS7: 398011.96 | BT7: 398023.75 | BU7: 398033.91 | BV7: 398042.65 | BW7: 398050.18 | BX7: 398056.65 | BY7: 398062.23 | BZ7: 398067.02 | CA7: 398071.15 | CB7: 398074.71
A8: 2016-07 | B8: 53298.34 | C8: 60534.715 | D8: 68544.813 | E8: 77354.826 | F8: 86976.726 | G8: 97404.948 | H8: 108613.42 | I8: 120553.32 | J8: 133151.85 | K8: 146312.53 | L8: 159917 | M8: 173828.6 | N8: 187897.46 | O8: 201966.8 | P8: 215879.8 | Q8: 229486.53 | R8: 242650.23 | S8: 255252.45 | T8: 267196.52 | U8: 278409.55 | V8: 288842.54 | W8: 298469.3 | X8: 307284.16 | Y8: 315298.98 | Z8: 322539.88 | AA8: 329043.88 | AB8: 334855.67 | AC8: 340024.86 | AD8: 344603.54 | AE8: 348644.35 | AF8: 352198.97 | AG8: 355317.01 | AH8: 358045.28 | AI8: 360427.3 | AJ8: 362503.05 | AK8: 364308.9 | AL8: 365877.68 | AM8: 367238.8 | AN8: 368418.47 | AO8: 369439.9 | AP8: 370323.6 | AQ8: 371087.6 | AR8: 371747.71 | AS8: 372317.76 | AT8: 372809.8 | AU8: 373234.35 | AV8: 373600.54 | AW8: 373916.3 | AX8: 374188.5 | AY8: 374423.1 | AZ8: 374625.27 | BA8: 374799.44 | BB8: 374949.49 | BC8: 375078.73 | BD8: 375190.04 | BE8: 375285.9 | BF8: 375368.44 | BG8: 375439.52 | BH8: 375500.72 | BI8: 375553.41 | BJ8: 375598.77 | BK8: 375637.82 | BL8: 375671.44 | BM8: 375700.38 | BN8: 375725.29 | BO8: 375746.74 | BP8: 375765.2 | BQ8: 375781.09 | BR8: 375794.77 | BS8: 375806.54 | BT8: 375816.68 | BU8: 375825.4 | BV8: 375832.91 | BW8: 375839.37 | BX8: 375844.93 | BY8: 375849.72 | BZ8: 375853.84 | CA8: 375857.39
A9: 2016-08 | B9: 26669.238 | C9: 30319.144 | D9: 34367.459 | E9: 38829.98 | F9: 43715.67 | G9: 49024.897 | H9: 54747.803 | I9: 60862.979 | J9: 67336.634 | K9: 74122.447 | L9: 81162.248 | M9: 88387.577 | N9: 95722.097 | O9: 103084.68 | P9: 110392.97 | Q9: 117566.98 | R9: 124532.61 | S9: 131224.44 | T9: 137587.98 | U9: 143580.86 | V9: 149173.32 | W9: 154347.74 | X9: 159097.71 | Y9: 163426.52 | Z9: 167345.52 | AA9: 170872.31 | AB9: 174029.08 | AC9: 176841.05 | AD9: 179335.13 | AE9: 181538.83 | AF9: 183479.4 | AG9: 185183.2 | AH9: 186675.21 | AI9: 187978.79 | AJ9: 189115.45 | AK9: 190104.85 | AL9: 190964.77 | AM9: 191711.16 | AN9: 192358.27 | AO9: 192918.75 | AP9: 193403.78 | AQ9: 193823.21 | AR9: 194185.67 | AS9: 194498.74 | AT9: 194769 | AU9: 195002.22 | AV9: 195203.41 | AW9: 195376.9 | AX9: 195526.48 | AY9: 195655.4 | AZ9: 195766.5 | BA9: 195862.23 | BB9: 195944.7 | BC9: 196015.73 | BD9: 196076.91 | BE9: 196129.61 | BF9: 196174.98 | BG9: 196214.05 | BH9: 196247.69 | BI9: 196276.66 | BJ9: 196301.59 | BK9: 196323.06 | BL9: 196341.54 | BM9: 196357.45 | BN9: 196371.15 | BO9: 196382.94 | BP9: 196393.09 | BQ9: 196401.82 | BR9: 196409.34 | BS9: 196415.82 | BT9: 196421.39 | BU9: 196426.18 | BV9: 196430.31 | BW9: 196433.87 | BX9: 196436.92 | BY9: 196439.56 | BZ9: 196441.82
A10: 2016-09 | B10: 24635.962 | C10: 28032.906 | D10: 31807.835 | E10: 35977.786 | F10: 40553.762 | G10: 45539.036 | H10: 50927.516 | I10: 56702.346 | J10: 62834.933 | K10: 69284.566 | L10: 75998.8 | M10: 82914.675 | N10: 89960.787 | O10: 97060.07 | P10: 104133.11 | Q10: 111101.64 | R10: 117892.01 | S10: 124438.09 | T10: 130683.7 | U10: 136584.04 | V10: 142106.4 | W10: 147230.03 | X10: 151945.3 | Y10: 156252.48 | Z10: 160160.14 | AA10: 163683.44 | AB10: 166842.5 | AC10: 169660.82 | AD10: 172163.94 | AE10: 174378.3 | AF10: 176330.35 | AG10: 178045.82 | AH10: 179549.3 | AI10: 180863.84 | AJ10: 182010.78 | AK10: 183009.67 | AL10: 183878.25 | AM10: 184632.47 | AN10: 185286.61 | AO10: 185853.35 | AP10: 186343.94 | AQ10: 186768.27 | AR10: 187135.04 | AS10: 187451.88 | AT10: 187725.45 | AU10: 187961.55 | AV10: 188165.24 | AW10: 188340.91 | AX10: 188492.38 | AY10: 188622.94 | AZ10: 188735.46 | BA10: 188832.42 | BB10: 188915.95 | BC10: 188987.9 | BD10: 189049.88 | BE10: 189103.25 | BF10: 189149.22 | BG10: 189188.8 | BH10: 189222.88 | BI10: 189252.22 | BJ10: 189277.48 | BK10: 189299.23 | BL10: 189317.96 | BM10: 189334.08 | BN10: 189347.95 | BO10: 189359.9 | BP10: 189370.18 | BQ10: 189379.03 | BR10: 189386.65 | BS10: 189393.21 | BT10: 189398.85 | BU10: 189403.71 | BV10: 189407.89 | BW10: 189411.49 | BX10: 189414.59 | BY10: 189417.26
A11: 2016-10 | B11: 57660.958 | C11: 65416.815 | D11: 73981.846 | E11: 83377.919 | F11: 93610.936 | G11: 104667.5 | H11: 116512.11 | I11: 129085.17 | J11: 142302.31 | K11: 156055.25 | L11: 170214.35 | M11: 184632.91 | N11: 199152.98 | O11: 213612.07 | P11: 227850.43 | Q11: 241717.96 | R11: 255080.27 | S11: 267823.43 | T11: 279856.94 | U11: 291115.02 | V11: 301556.26 | W11: 311161.98 | X11: 319933.55 | Y11: 327889.16 | Z11: 335060.38 | AA11: 341488.7 | AB11: 347222.45 | AC11: 352313.97 | AD11: 356817.38 | AE11: 360786.72 | AF11: 364274.57 | AG11: 367331.04 | AH11: 370003.13 | AI11: 372334.35 | AJ11: 374364.51 | AK11: 376129.69 | AL11: 377662.37 | AM11: 378991.61 | AN11: 380143.21 | AO11: 381140.02 | AP11: 382002.17 | AQ11: 382747.37 | AR11: 383391.09 | AS11: 383946.89 | AT11: 384426.56 | AU11: 384840.38 | AV11: 385197.27 | AW11: 385504.98 | AX11: 385770.22 | AY11: 385998.81 | AZ11: 386195.77 | BA11: 386365.46 | BB11: 386511.64 | BC11: 386637.54 | BD11: 386745.97 | BE11: 386839.34 | BF11: 386919.75 | BG11: 386988.98 | BH11: 387048.58 | BI11: 387099.9 | BJ11: 387144.09 | BK11: 387182.12 | BL11: 387214.87 | BM11: 387243.05 | BN11: 387267.32 | BO11: 387288.21 | BP11: 387306.19 | BQ11: 387321.66 | BR11: 387334.98 | BS11: 387346.45 | BT11: 387356.32 | BU11: 387364.82 | BV11: 387372.13 | BW11: 387378.42 | BX11: 387383.84
A12: 2016-11 | B12: 40897.13 | C12: 46546.992 | D12: 52828.585 | E12: 59771.252 | F12: 67394.453 | G12: 75704.91 | H12: 84693.848 | I12: 94334.608 | J12: 104580.92 | K12: 115366.19 | L12: 126604.01 | M12: 138190.07 | N12: 150005.56 | O12: 161921.7 | P12: 173805.27 | Q12: 185524.51 | R12: 196954.84 | S12: 207984.02 | T12: 218516.14 | U12: 228474.3 | V12: 237801.83 | W12: 246462.18 | X12: 254437.67 | Y12: 261727.41 | Z12: 268344.69 | AA12: 274314.15 | AB12: 279668.92 | AC12: 284448.09 | AD12: 288694.3 | AE12: 292451.89 | AF12: 295765.29 | AG12: 298677.88 | AH12: 301231.09 | AI12: 303463.87 | AJ12: 305412.32 | AK12: 307109.52 | AL12: 308585.48 | AM12: 309867.27 | AN12: 310979.06 | AO12: 311942.4 | AP12: 312776.35 | AQ12: 313497.72 | AR12: 314121.27 | AS12: 314659.96 | AT12: 315125.09 | AU12: 315526.54 | AV12: 315872.89 | AW12: 316171.6 | AX12: 316429.16 | AY12: 316651.18 | AZ12: 316842.53 | BA12: 317007.4 | BB12: 317149.45 | BC12: 317271.81 | BD12: 317377.21 | BE12: 317467.98 | BF12: 317546.15 | BG12: 317613.46 | BH12: 317671.42 | BI12: 317721.32 | BJ12: 317764.28 | BK12: 317801.27 | BL12: 317833.11 | BM12: 317860.52 | BN12: 317884.12 | BO12: 317904.44 | BP12: 317921.92 | BQ12: 317936.97 | BR12: 317949.93 | BS12: 317961.08 | BT12: 317970.68 | BU12: 317978.95 | BV12: 317986.06 | BW12: 317992.18
A13: 2016-12 | B13: 43275.302 | C13: 49203.171 | D13: 55779.593 | E13: 63030.704 | F13: 70971.603 | G13: 79603.483 | H13: 88910.958 | I13: 98859.873 | J13: 109395.91 | K13: 120444.31 | L13: 131910.92 | M13: 143684.67 | N13: 155641.47 | O13: 167649.24 | P13: 179573.61 | Q13: 191283.9 | R13: 202658.78 | S13: 213590.96 | T13: 223990.83 | U13: 233788.52 | V13: 242934.68 | W13: 251399.86 | X13: 259172.93 | Y13: 266258.7 | Z13: 272675.21 | AA13: 278450.84 | AB13: 283621.53 | AC13: 288228.26 | AD13: 292314.85 | AE13: 295926.14 | AF13: 299106.63 | AG13: 301899.35 | AH13: 304345.17 | AI13: 306482.27 | AJ13: 308345.86 | AK13: 309968.12 | AL13: 311378.13 | AM13: 312602.06 | AN13: 313663.23 | AO13: 314582.38 | AP13: 315377.82 | AQ13: 316065.69 | AR13: 316660.15 | AS13: 317173.61 | AT13: 317616.88 | AU13: 317999.39 | AV13: 318329.37 | AW13: 318613.93 | AX13: 318859.26 | AY13: 319070.72 | AZ13: 319252.95 | BA13: 319409.97 | BB13: 319545.24 | BC13: 319661.75 | BD13: 319762.11 | BE13: 319848.54 | BF13: 319922.96 | BG13: 319987.05 | BH13: 320042.23 | BI13: 320089.74 | BJ13: 320130.64 | BK13: 320165.86 | BL13: 320196.17 | BM13: 320222.27 | BN13: 320244.74 | BO13: 320264.07 | BP13: 320280.72 | BQ13: 320295.05 | BR13: 320307.38 | BS13: 320318 | BT13: 320327.14 | BU13: 320335.01 | BV13: 320341.78
A14: 2017-01 | B14: 101359.18 | C14: 114683.03 | D14: 129313.81 | E14: 145264.67 | F14: 162519.05 | G14: 181026.07 | H14: 200697.19 | I14: 221404.85 | J14: 242983.39 | K14: 265232.77 | L14: 287924.97 | M14: 310812.77 | N14: 333640.31 | O14: 356154.39 | P14: 378115.6 | Q14: 399308.09 | R14: 419547.32 | S14: 438685.25 | T14: 456612.66 | U14: 473259.03 | V14: 488590.07 | W14: 502603.83 | X14: 515325.6 | Y14: 526802.52 | Z14: 537098.16 | AA14: 546287.45 | AB14: 554452.31 | AC14: 561677.86 | AD14: 568049.46 | AE14: 573650.44 | AF14: 578560.45 | AG14: 582854.35 | AH14: 586601.5 | AI14: 589865.5 | AJ14: 592704.08 | AK14: 595169.23 | AL14: 597307.49 | AM14: 599160.25 | AN14: 600764.16 | AO14: 602151.55 | AP14: 603350.83 | AQ14: 604386.89 | AR14: 605281.49 | AS14: 606053.6 | AT14: 606719.75 | AU14: 607294.28 | AV14: 607789.65 | AW14: 608216.67 | AX14: 608584.69 | AY14: 608901.8 | AZ14: 609175.01 | BA14: 609410.36 | BB14: 609613.07 | BC14: 609787.65 | BD14: 609938 | BE14: 610067.46 | BF14: 610178.93 | BG14: 610274.91 | BH14: 610357.55 | BI14: 610428.69 | BJ14: 610489.94 | BK14: 610542.66 | BL14: 610588.05 | BM14: 610627.12 | BN14: 610660.75 | BO14: 610689.7 | BP14: 610714.62 | BQ14: 610736.07 | BR14: 610754.54 | BS14: 610770.43 | BT14: 610784.11 | BU14: 610795.88
A15: 2017-02 | B15: 56917.195 | C15: 64894.373 | D15: 73796.584 | E15: 83676.421 | F15: 94574.314 | G15: 106514.28 | H15: 119499.59 | I15: 133508.66 | J15: 148491.75 | K15: 164368.69 | L15: 181028.39 | M15: 198330.24 | N15: 216107.8 | O15: 234174.5 | P15: 252331.12 | Q15: 270374.45 | R15: 288106.33 | S15: 305342.13 | T15: 321918.14 | U15: 337697.03 | V15: 352571.23 | W15: 366464.15 | X15: 379329.43 | Y15: 391148.55 | Z15: 401927.4 | AA15: 411692.09 | AB15: 420484.69 | AC15: 428358.92 | AD15: 435376.37 | AE15: 441603.08 | AF15: 447106.86 | AG15: 451955.06 | AH15: 456212.93 | AI15: 459942.48 | AJ15: 463201.7 | AK15: 466044.16 | AL15: 468518.77 | AM15: 470669.83 | AN15: 472537.14 | AO15: 474156.26 | AP15: 475558.75 | AQ15: 476772.55 | AR15: 477822.25 | AS15: 478729.45 | AT15: 479513.04 | AU15: 480189.54 | AV15: 480773.34 | AW15: 481276.96 | AX15: 481711.27 | AY15: 482085.72 | AZ15: 482408.47 | BA15: 482686.62 | BB15: 482926.28 | BC15: 483132.74 | BD15: 483310.59 | BE15: 483463.77 | BF15: 483595.69 | BG15: 483709.3 | BH15: 483807.12 | BI15: 483891.35 | BJ15: 483963.87 | BK15: 484026.3 | BL15: 484080.05 | BM15: 484126.33 | BN15: 484166.16 | BO15: 484200.45 | BP15: 484229.97 | BQ15: 484255.38 | BR15: 484277.26 | BS15: 484296.08 | BT15: 484312.29
A16: 2017-03 | B16: 104574.47 | C16: 118595.43 | D16: 134066.82 | E16: 151024.41 | F16: 169474.73 | G16: 189389.14 | H16: 210699.01 | I16: 233292.45 | J16: 257013.36 | K16: 281663.35 | L16: 307006.75 | M16: 332778.61 | N16: 358695.28 | O16: 384466.71 | P16: 409809.27 | Q16: 434458.05 | R16: 458177.41 | S16: 480769.04 | T16: 502076.91 | U16: 521989.18 | V16: 540437.28 | W16: 557392.65 | X16: 572861.84 | Y16: 586880.68 | Z16: 599508.06 | AA16: 610819.87 | AB16: 620903.5 | AC16: 629853.01 | AD16: 637765.1 | AE16: 644736.02 | AF16: 650859.13 | AG16: 656223.24 | AH16: 660911.48 | AI16: 665000.66 | AJ16: 668560.98 | AK16: 671656.05 | AL16: 674343.04 | AM16: 676673.03 | AN16: 678691.4 | AO16: 680438.29 | AP16: 681949.08 | AQ16: 683254.8 | AR16: 684382.66 | AS16: 685356.4 | AT16: 686196.73 | AU16: 686921.66 | AV16: 687546.85 | AW16: 688085.86 | AX16: 688550.46 | AY16: 688950.86 | AZ16: 689295.85 | BA16: 689593.07 | BB16: 689849.09 | BC16: 690069.61 | BD16: 690259.52 | BE16: 690423.06 | BF16: 690563.88 | BG16: 690685.13 | BH16: 690789.53 | BI16: 690879.41 | BJ16: 690956.79 | BK16: 691023.41 | BL16: 691080.76 | BM16: 691130.12 | BN16: 691172.62 | BO16: 691209.2 | BP16: 691240.69 | BQ16: 691267.79 | BR16: 691291.12 | BS16: 691311.21
A17: 2017-04 | B17: 74240.071 | C17: 83881.285 | D17: 94437.102 | E17: 105908.41 | F17: 118274.03 | G17: 131487.78 | H17: 145476.78 | I17: 160141.02 | J17: 175354.88 | K17: 190970.5 | L17: 206822.92 | M17: 222736.84 | N17: 238534.23 | O17: 254042.19 | P17: 269100.43 | Q17: 283567.51 | R17: 297325.48 | S17: 310282.68 | T17: 322374.61 | U17: 333563.11 | V17: 343834.19 | W17: 353194.89 | X17: 361669.65 | Y17: 369296.47 | Z17: 376123.28 | AA17: 382204.55 | AB17: 387598.44 | AC17: 392364.41 | AD17: 396561.38 | AE17: 400246.31 | AF17: 403473.23 | AG17: 406292.64 | AH17: 408751.06 | AI17: 410890.99 | AJ17: 412750.87 | AK17: 414365.22 | AL17: 415764.85 | AM17: 416977.12 | AN17: 418026.2 | AO17: 418933.39 | AP17: 419717.38 | AQ17: 420394.51 | AR17: 420979.08 | AS17: 421483.53 | AT17: 421918.68 | AU17: 422293.93 | AV17: 422617.45 | AW17: 422896.31 | AX17: 423136.62 | AY17: 423343.67 | AZ17: 423522.04 | BA17: 423675.69 | BB17: 423808.03 | BC17: 423922 | BD17: 424020.14 | BE17: 424104.65 | BF17: 424177.41 | BG17: 424240.06 | BH17: 424294 | BI17: 424340.43 | BJ17: 424380.41 | BK17: 424414.82 | BL17: 424444.45 | BM17: 424469.95 | BN17: 424491.9 | BO17: 424510.8 | BP17: 424527.06 | BQ17: 424541.06 | BR17: 424553.11
A18: 2017-05 | B18: 75150.975 | C18: 85082.034 | D18: 96001.313 | E18: 107922.64 | F18: 120838 | G18: 134713.94 | H18: 149488.81 | I18: 165071.36 | J18: 181341.15 | K18: 198150.93 | L18: 215331.14 | M18: 232696.26 | N18: 250052.59 | O18: 267206.85 | P18: 283974.65 | Q18: 300188.19 | R18: 315702.49 | S18: 330399.66 | T18: 344191.16 | U18: 357017.95 | V18: 368848.97 | W18: 379678.37 | X18: 389521.72 | Y18: 398412 | Z18: 406395.41 | AA18: 413527.48 | AB18: 419869.65 | AC18: 425486.27 | AD18: 430442.26 | AE18: 434801.31 | AF18: 438624.5 | AG18: 441969.4 | AH18: 444889.51 | AI18: 447433.94 | AJ18: 449647.37 | AK18: 451570.1 | AL18: 453238.23 | AM18: 454683.89 | AN18: 455935.6 | AO18: 457018.48 | AP18: 457954.66 | AQ18: 458763.51 | AR18: 459461.98 | AS18: 460064.87 | AT18: 460585.05 | AU18: 461033.71 | AV18: 461420.58 | AW18: 461754.08 | AX18: 462041.52 | AY18: 462289.2 | AZ18: 462502.6 | BA18: 462686.43 | BB18: 462844.77 | BC18: 462981.14 | BD18: 463098.58 | BE18: 463199.71 | BF18: 463286.79 | BG18: 463361.77 | BH18: 463426.32 | BI18: 463481.89 | BJ18: 463529.74 | BK18: 463570.92 | BL18: 463606.38 | BM18: 463636.9 | BN18: 463663.18 | BO18: 463685.79 | BP18: 463705.26 | BQ18: 463722.02
A19: 2017-06 | B19: 114403.63 | C19: 129531.83 | D19: 146168.09 | E19: 164334.25 | F19: 184018.96 | G19: 205172.11 | H19: 227700.62 | I19: 251466.27 | J19: 276286.2 | K19: 301936.48 | L19: 328158.92 | M19: 354670.69 | N19: 381176.19 | O19: 407380.11 | P19: 433000.44 | Q19: 457780.24 | R19: 481497.2 | S19: 503970.29 | T19: 525063.2 | U19: 544684.71 | V19: 562786.45 | W19: 579358.59 | X19: 594424.22 | Y19: 608033.11 | Z19: 620255.4 | AA19: 631175.62 | AB19: 640887.39 | AC19: 649488.92 | AD19: 657079.38 | AE19: 663756.05 | AF19: 669612.33 | AG19: 674736.26 | AH19: 679209.68 | AI19: 683107.76 | AJ19: 686498.87 | AK19: 689444.7 | AL19: 692000.53 | AM19: 694215.56 | AN19: 696133.45 | AO19: 697792.7 | AP19: 699227.18 | AQ19: 700466.57 | AR19: 701536.85 | AS19: 702460.67 | AT19: 703257.76 | AU19: 703945.28 | AV19: 704538.1 | AW19: 705049.15 | AX19: 705489.61 | AY19: 705869.16 | AZ19: 706196.16 | BA19: 706477.86 | BB19: 706720.5 | BC19: 706929.48 | BD19: 707109.45 | BE19: 707264.42 | BF19: 707397.86 | BG19: 707512.75 | BH19: 707611.67 | BI19: 707696.83 | BJ19: 707770.15 | BK19: 707833.27 | BL19: 707887.6 | BM19: 707934.37 | BN19: 707974.64 | BO19: 708009.29 | BP19: 708039.13
A20: 2017-07 | B20: 45267.671 | C20: 51420.997 | D20: 58234.277 | E20: 65730.424 | F20: 73920.333 | G20: 82800.049 | H20: 92348.205 | I20: 102524.05 | J20: 113266.39 | K20: 124493.71 | L20: 136105.73 | M20: 147986.3 | N20: 160007.79 | O20: 172036.31 | P20: 183937.71 | Q20: 195583.41 | R20: 206855.87 | S20: 217652.96 | T20: 227891.13 | U20: 237507.04 | V20: 246457.82 | W20: 254720.17 | X20: 262288.44 | Y20: 269172.08 | Z20: 275392.91 | AA20: 280982.15 | AB20: 285977.75 | AC20: 290421.96 | AD20: 294359.24 | AE20: 297834.58 | AF20: 300892.22 | AG20: 303574.67 | AH20: 305922.08 | AI20: 307971.77 | AJ20: 309758.09 | AK20: 311312.25 | AL20: 312662.48 | AM20: 313834.05 | AN20: 314849.48 | AO20: 315728.74 | AP20: 316489.48 | AQ20: 317147.19 | AR20: 317715.48 | AS20: 318206.24 | AT20: 318629.86 | AU20: 318995.38 | AV20: 319310.66 | AW20: 319582.52 | AX20: 319816.88 | AY20: 320018.87 | AZ20: 320192.93 | BA20: 320342.9 | BB20: 320472.09 | BC20: 320583.37 | BD20: 320679.21 | BE20: 320761.75 | BF20: 320832.83 | BG20: 320894.03 | BH20: 320946.72 | BI20: 320992.09 | BJ20: 321031.15 | BK20: 321064.77 | BL20: 321093.72 | BM20: 321118.64 | BN20: 321140.09 | BO20: 321158.56
A21: 2017-08 | B21: 51617.095 | C21: 58577.674 | D21: 66269.339 | E21: 74713.206 | F21: 83916.23 | G21: 93868.159 | H21: 104538.91 | I21: 115876.72 | J21: 127807.32 | K21: 140234.64 | L21: 153042.91 | M21: 166100.48 | N21: 179264.84 | O21: 192388.79 | P21: 205326.91 | Q21: 217941.93 | R21: 230110.34 | S21: 241726.81 | T21: 252707.02 | U21: 262989.07 | V21: 272533.23 | W21: 281320.56 | X21: 289350.61 | Y21: 296638.47 | Z21: 303211.67 | AA21: 309107.09 | AB21: 314368.02 | AC21: 319041.68 | AD21: 323177.05 | AE21: 326823.22 | AF21: 330028.03 | AG21: 332837.2 | AH21: 335293.64 | AI21: 337437.15 | AJ21: 339304.15 | AK21: 340927.71 | AL21: 342337.62 | AM21: 343560.51 | AN21: 344620.08 | AO21: 345537.3 | AP21: 346330.69 | AQ21: 347016.48 | AR21: 347608.93 | AS21: 348120.48 | AT21: 348561.97 | AU21: 348942.87 | AV21: 349271.38 | AW21: 349554.63 | AX21: 349798.79 | AY21: 350009.22 | AZ21: 350190.54 | BA21: 350346.75 | BB21: 350481.31 | BC21: 350597.22 | BD21: 350697.04 | BE21: 350783 | BF21: 350857.02 | BG21: 350920.76 | BH21: 350975.63 | BI21: 351022.88 | BJ21: 351063.55 | BK21: 351098.57 | BL21: 351128.72 | BM21: 351154.67 | BN21: 351177.01
A22: 2017-09 | B22: 58496.175 | C22: 66371.936 | D22: 75071.466 | E22: 84617.607 | F22: 95017.056 | G22: 106256.97 | H22: 118302.04 | I22: 131092.48 | J22: 144543.24 | K22: 158544.82 | L22: 172965.82 | M22: 187657.27 | N22: 202458.43 | O22: 217203.73 | P22: 231730.07 | Q22: 245883.92 | R22: 259527.6 | S22: 272544.1 | T22: 284840.21 | U22: 296347.91 | V22: 307024.09 | W22: 316848.84 | X22: 325822.85 | Y22: 333964.08 | Z22: 341304.25 | AA22: 347885.35 | AB22: 353756.41 | AC22: 358970.7 | AD22: 363583.36 | AE22: 367649.49 | AF22: 371222.78 | AG22: 374354.43 | AH22: 377092.49 | AI22: 379481.43 | AJ22: 381561.98 | AK22: 383371.08 | AL22: 384941.98 | AM22: 386304.42 | AN22: 387484.82 | AO22: 388506.59 | AP22: 389390.37 | AQ22: 390154.27 | AR22: 390814.16 | AS22: 391383.93 | AT22: 391875.67 | AU22: 392299.9 | AV22: 392665.78 | AW22: 392981.24 | AX22: 393253.16 | AY22: 393487.51 | AZ22: 393689.44 | BA22: 393863.41 | BB22: 394013.27 | BC22: 394142.35 | BD22: 394253.51 | BE22: 394349.24 | BF22: 394431.67 | BG22: 394502.65 | BH22: 394563.77 | BI22: 394616.38 | BJ22: 394661.68 | BK22: 394700.67 | BL22: 394734.25 | BM22: 394763.14
A23: 2017-10 | B23: 43243.255 | C23: 49199.191 | D23: 55815.958 | E23: 63122.805 | F23: 71138.312 | G23: 79867.428 | H23: 89298.637 | I23: 99401.55 | J23: 110125.25 | K23: 121397.68 | L23: 133126.4 | M23: 145200.79 | N23: 157495.7 | O23: 169876.41 | P23: 182204.37 | Q23: 194343.4 | R23: 206165.56 | S23: 217556.38 | T23: 228418.8 | U23: 238675.76 | V23: 248271.29 | W23: 257170.22 | X23: 265356.69 | Y23: 272831.96 | Z23: 279611.63 | AA23: 285722.64 | AB23: 291200.44 | AC23: 296086.24 | AD23: 300424.69 | AE23: 304261.94 | AF23: 307644.06 | AG23: 310615.87 | AH23: 313220.09 | AI23: 315496.78 | AJ23: 317483.02 | AK23: 319212.73 | AL23: 320716.67 | AM23: 322022.51 | AN23: 323155.01 | AO23: 324136.15 | AP23: 324985.41 | AQ23: 325719.95 | AR23: 326354.84 | AS23: 326903.28 | AT23: 327376.8 | AU23: 327785.47 | AV23: 328138.03 | AW23: 328442.09 | AX23: 328704.24 | AY23: 328930.22 | AZ23: 329124.97 | BA23: 329292.77 | BB23: 329437.34 | BC23: 329561.88 | BD23: 329669.14 | BE23: 329761.52 | BF23: 329841.07 | BG23: 329909.57 | BH23: 329968.55 | BI23: 330019.34 | BJ23: 330063.06 | BK23: 330100.7 | BL23: 330133.11
A24: 2017-11 | B24: 25542.189 | C24: 29037.821 | D24: 32915.016 | E24: 37188.899 | F24: 41868.052 | G24: 46952.823 | H24: 52433.77 | I24: 58290.384 | J24: 64490.299 | K24: 70989.151 | L24: 77731.226 | M24: 84650.959 | N24: 91675.237 | O24: 98726.368 | P24: 105725.47 | Q24: 112595.96 | R24: 119266.84 | S24: 125675.5 | T24: 131769.74 | U24: 137508.99 | V24: 142864.74 | W24: 147820.14 | X24: 152369.04 | Y24: 156514.61 | Z24: 160267.69 | AA24: 163645.17 | AB24: 166668.29 | AC24: 169361.2 | AD24: 171749.68 | AE24: 173860.07 | AF24: 175718.47 | AG24: 177350.12 | AH24: 178778.96 | AI24: 180027.33 | AJ24: 181115.86 | AK24: 182063.37 | AL24: 182886.87 | AM24: 183601.65 | AN24: 184221.35 | AO24: 184758.1 | AP24: 185222.59 | AQ24: 185624.26 | AR24: 185971.37 | AS24: 186271.18 | AT24: 186530 | AU24: 186753.34 | AV24: 186946.01 | AW24: 187112.15 | AX24: 187255.39 | AY24: 187378.86 | AZ24: 187485.25 | BA24: 187576.93 | BB24: 187655.9 | BC24: 187723.93 | BD24: 187782.52 | BE24: 187832.98 | BF24: 187876.43 | BG24: 187913.85 | BH24: 187946.07 | BI24: 187973.81 | BJ24: 187997.69 | BK24: 188018.24
A25: 2017-12 | B25: 58512.489 | C25: 66515.922 | D25: 75391.716 | E25: 85174.106 | F25: 95882.284 | G25: 107516.55 | H25: 120054.78 | I25: 133449.49 | J25: 147626.13 | K25: 162482.72 | L25: 177891.45 | M25: 193702.1 | N25: 209747.37 | O25: 225849.68 | P25: 241828.9 | Q25: 257510.36 | R25: 272732.33 | S25: 287352.31 | T25: 301251.69 | U25: 314338.51 | V25: 326548.29 | W25: 337843.16 | X25: 348209.62 | Y25: 357655.36 | Z25: 366205.55 | AA25: 373899 | AB25: 380784.43 | AC25: 386917.12 | AD25: 392355.98 | AE25: 397161.19 | AF25: 401392.32 | AG25: 405106.96 | AH25: 408359.67 | AI25: 411201.42 | AJ25: 413679.2 | AK25: 415835.88 | AL25: 417710.24 | AM25: 419337.1 | AN25: 420747.53 | AO25: 421969.12 | AP25: 423026.25 | AQ25: 423940.38 | AR25: 424730.35 | AS25: 425412.64 | AT25: 426001.65 | AU25: 426509.93 | AV25: 426948.38 | AW25: 427326.47 | AX25: 427652.44 | AY25: 427933.41 | AZ25: 428175.53 | BA25: 428384.15 | BB25: 428563.87 | BC25: 428718.68 | BD25: 428852.01 | BE25: 428966.84 | BF25: 429065.72 | BG25: 429150.87 | BH25: 429224.18 | BI25: 429287.3 | BJ25: 429341.64
A26: 2018-01 | B26: 58426.261 | C26: 66435.218 | D26: 75322.024 | E26: 85122.509 | F26: 95857.662 | G26: 107529.74 | H26: 120118.64 | I26: 133578.88 | J26: 147837.68 | K26: 162794.57 | L26: 178322.68 | M26: 194272.09 | N26: 210475.06 | O26: 226752.75 | P26: 242922.99 | Q26: 258808.39 | R26: 274243.94 | S26: 289083.58 | T26: 303205 | U26: 316512.66 | V26: 328938.81 | W26: 340442.71 | X26: 351008.54 | Y26: 360642.22 | Z26: 369367.69 | AA26: 377223.06 | AB26: 384256.78 | AC26: 390524.22 | AD26: 396084.71 | AE26: 400999.04 | AF26: 405327.54 | AG26: 409128.65 | AH26: 412457.85 | AI26: 415367.01 | AJ26: 417904.01 | AK26: 420112.57 | AL26: 422032.28 | AM26: 423698.69 | AN26: 425143.56 | AO26: 426395.08 | AP26: 427478.19 | AQ26: 428414.85 | AR26: 429224.33 | AS26: 429923.51 | AT26: 430527.13 | AU26: 431048.03 | AV26: 431497.38 | AW26: 431884.89 | AX26: 432218.98 | AY26: 432506.95 | AZ26: 432755.11 | BA26: 432968.94 | BB26: 433153.15 | BC26: 433311.83 | BD26: 433448.5 | BE26: 433566.2 | BF26: 433667.55 | BG26: 433754.83 | BH26: 433829.98 | BI26: 433894.68
A27: 2018-02 | B27: 35969.302 | C27: 40922.994 | D27: 46426.204 | E27: 52503.22 | F27: 59169.455 | G27: 66428.977 | H27: 74272.161 | I27: 82673.683 | J27: 91591.143 | K27: 100964.58 | L27: 110717.07 | M27: 120756.6 | N27: 130979.09 | O27: 141272.49 | P27: 151521.64 | Q27: 161613.31 | R27: 171441.18 | S27: 180910.11 | T27: 189939.46 | U27: 198465.24 | V27: 206440.98 | W27: 213837.47 | X27: 220641.61 | Y27: 226854.48 | Z27: 232489.09 | AA27: 237567.88 | AB27: 242120.32 | AC27: 246180.69 | AD27: 249786.14 | AE27: 252975.03 | AF27: 255785.65 | AG27: 258255.27 | AH27: 260419.39 | AI27: 262311.33 | AJ27: 263961.89 | AK27: 265399.26 | AL27: 266649.01 | AM27: 267734.14 | AN27: 268675.22 | AO27: 269490.53 | AP27: 270196.24 | AQ27: 270806.63 | AR27: 271334.2 | AS27: 271789.93 | AT27: 272183.42 | AU27: 272523 | AV27: 272815.97 | AW27: 273068.63 | AX27: 273286.47 | AY27: 273474.25 | AZ27: 273636.08 | BA27: 273775.52 | BB27: 273895.65 | BC27: 273999.13 | BD27: 274088.26 | BE27: 274165.03 | BF27: 274231.13 | BG27: 274288.05 | BH27: 274337.06
A28: 2018-03 | B28: 99139.957 | C28: 111838.49 | D28: 125695.88 | E28: 140701.15 | F28: 156813.63 | G28: 173959.9 | H28: 192032.3 | I28: 210889.52 | J28: 230359.49 | K28: 250244.75 | L28: 270329.89 | M28: 290390.7 | N28: 310204.03 | O28: 329557.65 | P28: 348259 | Q28: 366142.29 | R28: 383073.28 | S28: 398951.76 | T28: 413711.57 | U28: 427318.74 | V28: 439768.18 | W28: 451079.33 | X28: 461291.41 | Y28: 470458.64 | Z28: 478645.8 | AA28: 485924.2 | AB28: 492368.38 | AC28: 498053.39 | AD28: 503052.7 | AE28: 507436.72 | AF28: 511271.72 | AG28: 514619.26 | AH28: 517535.82 | AI28: 520072.73 | AJ28: 522276.26 | AK28: 524187.87 | AL28: 525844.45 | AM28: 527278.69 | AN28: 528519.42 | AO28: 529592.02 | AP28: 530518.71 | AQ28: 531318.92 | AR28: 532009.6 | AS28: 532605.51 | AT28: 533119.49 | AU28: 533562.67 | AV28: 533944.71 | AW28: 534273.97 | AX28: 534557.69 | AY28: 534802.14 | AZ28: 535012.71 | BA28: 535194.09 | BB28: 535350.3 | BC28: 535484.82 | BD28: 535600.66 | BE28: 535700.41 | BF28: 535786.29 | BG28: 535860.23
A29: 2018-04 | B29: 106008.92 | C29: 120271.71 | D29: 136023.59 | E29: 153305.08 | F29: 172127.39 | G29: 192466.25 | H29: 214256.75 | I29: 237389.64 | J29: 261710.11 | K29: 287019.22 | L29: 313078.7 | M29: 339618.79 | N29: 366348.82 | O29: 392969.71 | P29: 419187.23 | Q29: 444724.82 | R29: 469334.74 | S29: 492806.81 | T29: 514973.96 | U29: 535714.62 | V29: 554952.12 | W29: 572651.63 | X29: 588815.33 | Y29: 603476.43 | Z29: 616692.79 | AA29: 628540.68 | AB29: 639108.92 | AC29: 648493.85 | AD29: 656795.07 | AE29: 664112.08 | AF29: 670541.69 | AG29: 676176.24 | AH29: 681102.33 | AI29: 685400.08 | AJ29: 689142.87 | AK29: 692397.19 | AL29: 695222.93 | AM29: 697673.61 | AN29: 699796.79 | AO29: 701634.62 | AP29: 703224.19 | AQ29: 704598.13 | AR29: 705784.99 | AS29: 706809.75 | AT29: 707694.14 | AU29: 708457.13 | AV29: 709115.15 | AW29: 709682.49 | AX29: 710171.54 | AY29: 710593.01 | AZ29: 710956.17 | BA29: 711269.04 | BB29: 711538.55 | BC29: 711770.69 | BD29: 711970.61 | BE29: 712142.77 | BF29: 712291.02
A30: 2018-05 | B30: 50160.973 | C30: 56571.369 | D30: 63563.011 | E30: 71129.377 | F30: 79248.93 | G30: 87883.622 | H30: 96978.22 | I30: 106460.67 | J30: 116243.66 | K30: 126227.36 | L30: 136303.27 | M30: 146358.82 | N30: 156282.32 | O30: 165967.91 | P30: 175319.89 | Q30: 184256.17 | R30: 192710.66 | S30: 200634.34 | T30: 207995.22 | U30: 214777.39 | V30: 220979.27 | W30: 226611.39 | X30: 231694.05 | Y30: 236254.91 | Z30: 240326.73 | AA30: 243945.47 | AB30: 247148.55 | AC30: 249973.6 | AD30: 252457.38 | AE30: 254635.04 | AF30: 256539.69 | AG30: 258201.99 | AH30: 259650.1 | AI30: 260909.57 | AJ30: 262003.43 | AK30: 262952.29 | AL30: 263774.51 | AM30: 264486.33 | AN30: 265102.08 | AO30: 265634.36 | AP30: 266094.21 | AQ30: 266491.29 | AR30: 266834 | AS30: 267129.69 | AT30: 267384.71 | AU30: 267604.61 | AV30: 267794.16 | AW30: 267957.52 | AX30: 268098.29 | AY30: 268219.57 | AZ30: 268324.04 | BA30: 268414.03 | BB30: 268491.53 | BC30: 268558.27 | BD30: 268615.74 | BE30: 268665.23
A31: 2018-06 | B31: 76798.853 | C31: 87234.234 | D31: 98787.7 | E31: 111497.75 | F31: 125382.47 | G31: 140434.71 | H31: 156617.8 | I31: 173862.19 | J31: 192063.71 | K31: 211083.85 | L31: 230752.3 | M31: 250872.08 | N31: 271226.83 | O31: 291589.82 | P31: 311733.97 | Q31: 331441.83 | R31: 350514.78 | S31: 368780.38 | T31: 386097.7 | U31: 402360.06 | V31: 417495.47 | W31: 431464.96 | X31: 444259.39 | Y31: 455895.2 | Z31: 466409.57 | AA31: 475855.59 | AB31: 484297.68 | AC31: 491807.43 | AD31: 498460.16 | AE31: 504332.03 | AF31: 509497.91 | AG31: 514029.73 | AH31: 517995.35 | AI31: 521457.92 | AJ31: 524475.46 | AK31: 527100.79 | AL31: 529381.57 | AM31: 531360.52 | AN31: 533075.7 | AO31: 534560.86 | AP31: 535845.8 | AQ31: 536956.71 | AR31: 537916.57 | AS31: 538745.49 | AT31: 539460.99 | AU31: 540078.35 | AV31: 540610.85 | AW31: 541070.02 | AX31: 541465.86 | AY31: 541807.02 | AZ31: 542101.01 | BA31: 542354.3 | BB31: 542572.5 | BC31: 542760.44 | BD31: 542922.32
A32: 2018-07 | B32: 40146.504 | C32: 45596.235 | D32: 51628.378 | E32: 58262.572 | F32: 65507.733 | G32: 73359.565 | H32: 81798.325 | I32: 90787.132 | J32: 100271.08 | K32: 110177.42 | L32: 120416.98 | M32: 130886.82 | N32: 141474.13 | O32: 152060.88 | P32: 162529.1 | Q32: 172766.02 | R32: 182668.84 | S32: 192148.5 | T32: 201132.44 | U32: 209565.9 | V32: 217412.18 | W32: 224651.67 | X32: 231280.23 | Y32: 237306.87 | Z32: 242751.32 | AA32: 247641.49 | AB32: 252011.04 | AC32: 255897.33 | AD32: 259339.56 | AE32: 262377.34 | AF32: 265049.56 | AG32: 267393.52 | AH32: 269444.44 | AI32: 271235.05 | AJ32: 272795.4 | AK32: 274152.86 | AL32: 275332.1 | AM32: 276355.24 | AN32: 277241.96 | AO32: 278009.75 | AP32: 278674 | AQ32: 279248.27 | AR32: 279744.45 | AS32: 280172.93 | AT32: 280542.78 | AU32: 280861.9 | AV32: 281137.14 | AW32: 281374.48 | AX32: 281579.08 | AY32: 281755.42 | AZ32: 281907.38 | BA32: 282038.3 | BB32: 282151.08 | BC32: 282248.22
A33: 2018-08 | B33: 32283.461 | C33: 36771.252 | D33: 41768.846 | E33: 47302.217 | F33: 53389.904 | G33: 60040.678 | H33: 67251.242 | I33: 75004.153 | J33: 83266.229 | K33: 91987.694 | L33: 101102.29 | M33: 110528.51 | N33: 120172.04 | O33: 129929.23 | P33: 139691.4 | Q33: 149349.68 | R33: 158799.76 | S33: 167946.32 | T33: 176706.57 | U33: 185012.79 | V33: 192813.69 | W33: 200074.59 | X33: 206776.68 | Y33: 212915.45 | Z33: 218498.66 | AA33: 223544.06 | AB33: 228077.05 | AC33: 232128.46 | AD33: 235732.58 | AE33: 238925.51 | AF33: 241743.77 | AG33: 244223.25 | AH33: 246398.46 | AI33: 248301.94 | AJ33: 249963.99 | AK33: 251412.45 | AL33: 252672.66 | AM33: 253767.49 | AN33: 254717.45 | AO33: 255540.8 | AP33: 256253.74 | AQ33: 256870.56 | AR33: 257403.85 | AS33: 257864.64 | AT33: 258262.56 | AU33: 258606.04 | AV33: 258902.41 | AW33: 259158.04 | AX33: 259378.46 | AY33: 259568.49 | AZ33: 259732.27 | BA33: 259873.4 | BB33: 259994.99
A34: 2018-09 | B34: 30230.176 | C34: 34445.072 | D34: 39142.382 | E34: 44347.725 | F34: 50079.929 | G34: 56348.823 | H34: 63153.026 | I34: 70477.918 | J34: 78294.047 | K34: 86556.187 | L34: 95203.311 | M34: 104159.61 | N34: 113336.66 | O34: 122636.59 | P34: 131956.13 | Q34: 141191.14 | R34: 150241.24 | S34: 159014.01 | T34: 167428.6 | U34: 175418.27 | V34: 182931.79 | W34: 189933.88 | X34: 196404.49 | Y34: 202337.5 | Z34: 207738.78 | AA34: 212624.06 | AB34: 217016.64 | AC34: 220945.34 | AD34: 224442.5 | AE34: 227542.42 | AF34: 230279.93 | AG34: 232689.43 | AH34: 234804.05 | AI34: 236655.14 | AJ34: 238271.92 | AK34: 239681.28 | AL34: 240907.76 | AM34: 241973.49 | AN34: 242898.35 | AO34: 243700.07 | AP34: 244394.36 | AQ34: 244995.12 | AR34: 245514.57 | AS34: 245963.43 | AT34: 246351.08 | AU34: 246685.72 | AV34: 246974.47 | AW34: 247223.55 | AX34: 247438.33 | AY34: 247623.5 | AZ34: 247783.09 | BA34: 247920.62
A35: 2018-10 | B35: 37706.867 | C35: 42850.828 | D35: 48551.643 | E35: 54830.095 | F35: 61697.133 | G35: 69151.445 | H35: 77177.231 | I35: 85742.44 | J35: 94797.735 | K35: 104276.43 | L35: 114095.62 | M35: 124158.49 | N35: 134357.81 | O35: 144580.38 | P35: 154711.96 | Q35: 164642.32 | R35: 174269.95 | S35: 183505.95 | T35: 192276.85 | U35: 200526.22 | V35: 208215.09 | W35: 215321.22 | X35: 221837.69 | Y35: 227770.77 | Z35: 233137.53 | AA35: 237963.45 | AB35: 242280.04 | AC35: 246122.77 | AD35: 249529.19 | AE35: 252537.54 | AF35: 255185.55 | AG35: 257509.58 | AH35: 259544.06 | AI35: 261321.07 | AJ35: 262870.16 | AK35: 264218.25 | AL35: 265389.69 | AM35: 266406.3 | AN35: 267287.57 | AO35: 268050.76 | AP35: 268711.15 | AQ35: 269282.16 | AR35: 269775.58 | AS35: 270201.72 | AT35: 270569.58 | AU35: 270887.01 | AV35: 271160.81 | AW35: 271396.93 | AX35: 271600.48 | AY35: 271775.92 | AZ35: 271927.11
A36: 2018-11 | B36: 23067.35 | C36: 26160.167 | D36: 29572.934 | E36: 33313.547 | F36: 37383.445 | G36: 41776.319 | H36: 46477.03 | I36: 51460.899 | J36: 56693.496 | K36: 62131.062 | L36: 67721.61 | M36: 73406.697 | N36: 79123.755 | O36: 84808.796 | P36: 90399.254 | Q36: 95836.69 | R36: 101069.12 | S36: 106052.8 | T36: 110753.29 | U36: 115145.94 | V36: 119215.6 | W36: 122955.98 | X36: 126368.51 | Y36: 129461.1 | Z36: 132246.73 | AA36: 134742.16 | AB36: 136966.64 | AC36: 138940.94 | AD36: 140686.38 | AE36: 142224.2 | AF36: 143574.99 | AG36: 144758.34 | AH36: 145792.59 | AI36: 146694.68 | AJ36: 147480.11 | AK36: 148162.9 | AL36: 148755.66 | AM36: 149269.67 | AN36: 149714.94 | AO36: 150100.31 | AP36: 150433.6 | AQ36: 150721.65 | AR36: 150970.46 | AS36: 151185.28 | AT36: 151370.66 | AU36: 151530.59 | AV36: 151668.5 | AW36: 151787.41 | AX36: 151889.91 | AY36: 151978.24
A37: 2018-12 | B37: 48530.001 | C37: 55193.852 | D37: 62591.356 | E37: 70753.373 | F37: 79698.559 | G37: 89430.105 | H37: 99932.651 | I37: 111169.72 | J37: 123082.04 | K37: 135587.05 | L37: 148579.92 | M37: 161936.23 | N37: 175516.23 | O37: 189170.38 | P37: 202745.86 | Q37: 216093.34 | R37: 229073.43 | S37: 241562.25 | T37: 253455.61 | U37: 264671.62 | V37: 275151.7 | W37: 284860.03 | X37: 293781.84 | Y37: 301920.83 | Z37: 309296.07 | AA37: 315938.72 | AB37: 321888.88 | AC37: 327192.66 | AD37: 331899.63 | AE37: 336060.77 | AF37: 339726.76 | AG37: 342946.76 | AH37: 345767.51 | AI37: 348232.78 | AJ37: 350382.99 | AK37: 352255.06 | AL37: 353882.46 | AM37: 355295.27 | AN37: 356520.34 | AO37: 357581.56 | AP37: 358500.04 | AQ37: 359294.36 | AR37: 359980.86 | AS37: 360573.85 | AT37: 361085.8 | AU37: 361527.6 | AV37: 361908.74 | AW37: 362237.43 | AX37: 362520.81
A38: 2019-01 | B38: 54986.965 | C38: 62354.255 | D38: 70482.253 | E38: 79389.335 | F38: 89078.452 | G38: 99534.068 | H38: 110719.62 | I38: 122575.84 | J38: 135020.32 | K38: 147948.52 | L38: 161236.48 | M38: 174745.02 | N38: 188325.33 | O38: 201825.41 | P38: 215096.83 | Q38: 228001.13 | R38: 240415.32 | S38: 252236.06 | T38: 263382.2 | U38: 273795.78 | V38: 283441.45 | W38: 292304.8 | X38: 300389.71 | Y38: 307715.33 | Z38: 314312.79 | AA38: 320222.08 | AB38: 325489.11 | AC38: 330163.21 | AD38: 334295.09 | AE38: 337935.15 | AF38: 341132.26 | AG38: 343932.87 | AH38: 346380.47 | AI38: 348515.2 | AJ38: 350373.76 | AK38: 351989.39 | AL38: 353391.95 | AM38: 354608.13 | AN38: 355661.63 | AO38: 356573.41 | AP38: 357361.93 | AQ38: 358043.42 | AR38: 358632.07 | AS38: 359140.28 | AT38: 359578.85 | AU38: 359957.19 | AV38: 360283.47 | AW38: 360564.77
A39: 2019-02 | B39: 63833.996 | C39: 72499.891 | D39: 82092.098 | E39: 92641.905 | F39: 104163.56 | G39: 116650.29 | H39: 130070.8 | I39: 144366.49 | J39: 159450.12 | K39: 175206.08 | L39: 191492.57 | M39: 208145.94 | N39: 224986.75 | O39: 241827.3 | P39: 258479.89 | Q39: 274765.12 | R39: 290519.39 | S39: 305600.98 | T39: 319894.34 | U39: 333312.31 | V39: 345796.39 | W39: 357315.34 | X39: 367862.45 | Y39: 377452.02 | Z39: 386115.39 | AA39: 393896.9 | AB39: 400850.09 | AC39: 407034.36 | AD39: 412512.07 | AE39: 417346.23 | AF39: 421598.67 | AG39: 425328.79 | AH39: 428592.6 | AI39: 431442.16 | AJ39: 433925.31 | AK39: 436085.59 | AL39: 437962.25 | AM39: 439590.49 | AN39: 441001.66 | AO39: 442223.53 | AP39: 443280.65 | AQ39: 444194.57 | AR39: 444984.21 | AS39: 445666.12 | AT39: 446254.71 | AU39: 446762.57 | AV39: 447200.61
A40: 2019-03 | B40: 88955.918 | C40: 101306.28 | D40: 115055.14 | E40: 130272.49 | F40: 147007.59 | G40: 165282.65 | H40: 185086.5 | I40: 206369.01 | J40: 229036.79 | K40: 252951.04 | L40: 277928.01 | M40: 303742.57 | N40: 330135.03 | O40: 356820.83 | P40: 383502.48 | Q40: 409882.66 | R40: 435677.35 | S40: 460627.71 | T40: 484509.68 | U40: 507140.71 | V40: 528383.26 | W40: 548145.21 | X40: 566377.56 | Y40: 583070.14 | Z40: 598245.99 | AA40: 611955.05 | AB40: 624267.79 | AC40: 635269.21 | AD40: 645053.5 | AE40: 653719.5 | AF40: 661367.04 | AG40: 668094.07 | AH40: 673994.63 | AI40: 679157.39 | AJ40: 683664.77 | AK40: 687592.5 | AL40: 691009.44 | AM40: 693977.74 | AN40: 696553.07 | AO40: 698785.04 | AP40: 700717.6 | AQ40: 702389.55 | AR40: 703835.01 | AS40: 705083.9 | AT40: 706162.38 | AU40: 707093.29
A41: 2019-04 | B41: 86048.088 | C41: 97568.125 | D41: 110275.22 | E41: 124197.39 | F41: 139338.42 | G41: 155673.18 | H41: 173143.64 | I41: 191656.32 | J41: 211081.68 | K41: 231255.8 | L41: 251984.58 | M41: 273050.47 | N41: 294221.19 | O41: 315259.81 | P41: 335935.24 | Q41: 356032.24 | R41: 375359.9 | S41: 393758.1 | T41: 411101.42 | U41: 427300.56 | V41: 442301.46 | W41: 456082.54 | X41: 468650.64 | Y41: 480036.25 | Z41: 490288.38 | AA41: 499469.71 | AB41: 507652.01 | AC41: 514912.33 | AD41: 521329.71 | AE41: 526982.68 | AF41: 531947.33 | AG41: 536295.96 | AH41: 540096.2 | AI41: 543410.49 | AJ41: 546295.87 | AK41: 548803.99 | AL41: 550981.26 | AM41: 552869.14 | AN41: 554504.44 | AO41: 555919.72 | AP41: 557143.67 | AQ41: 558201.45 | AR41: 559115.11 | AS41: 559903.91 | AT41: 560584.61
A42: 2019-05 | B42: 50648.41 | C42: 57652.966 | D42: 65442.888 | E42: 74055.268 | F42: 83515.055 | G42: 93831.495 | H42: 104994.68 | I42: 116972.55 | J42: 129708.66 | K42: 143121.25 | L42: 157103.8 | M42: 171527.33 | N42: 186244.49 | O42: 201095.24 | P42: 215913.61 | Q42: 230535.11 | R42: 244803.86 | S42: 258579.06 | T42: 271740.07 | U42: 284189.81 | V42: 295856.39 | W42: 306693.02 | X42: 316676.58 | Y42: 325804.99 | Z42: 334094.02 | AA42: 341573.75 | AB42: 348285.08 | AC42: 354276.38 | AD42: 359600.69 | AE42: 364313.2 | AF42: 368469.32 | AG42: 372123.21 | AH42: 375326.68 | AI42: 378128.42 | AJ42: 380573.62 | AK42: 382703.68 | AL42: 384556.23 | AM42: 386165.16 | AN42: 387560.79 | AO42: 388770.13 | AP42: 389817.07 | AQ42: 390722.71 | AR42: 391505.58 | AS42: 392181.92
A43: 2019-06 | B43: 64775.812 | C43: 73708.914 | D43: 83636.434 | E43: 94603.308 | F43: 106638.63 | G43: 119751.18 | H43: 133925.11 | I43: 149116.29 | J43: 165249.69 | K43: 182218.41 | L43: 199884.62 | M43: 218082.82 | N43: 236625.23 | O43: 255309.09 | P43: 273925.41 | Q43: 292268.17 | R43: 310143.37 | S43: 327376.85 | T43: 343820.5 | U43: 359356.22 | V43: 373897.68 | W43: 387390.02 | X43: 399807.72 | Y43: 411151.31 | Z43: 421443.18 | AA43: 430723.14 | AB43: 439044.07 | AC43: 446467.74 | AD43: 453061.36 | AE43: 458894.5 | AF43: 464036.76 | AG43: 468555.92 | AH43: 472516.68 | AI43: 475979.76 | AJ43: 479001.36 | AK43: 481632.96 | AL43: 483921.27 | AM43: 485908.31 | AN43: 487631.7 | AO43: 489124.84 | AP43: 490417.35 | AQ43: 491535.3 | AR43: 492501.62
A44: 2019-07 | B44: 94901.238 | C44: 107473.27 | D44: 121304.69 | E44: 136415.44 | F44: 152797.99 | G44: 170412.73 | H44: 189184.23 | I44: 208999.41 | J44: 229707.72 | K44: 251123.97 | L44: 273033.86 | M44: 295201.88 | N44: 317381.16 | O44: 339324.31 | P44: 360794.39 | Q44: 381574.8 | R44: 401477.47 | S44: 420348.56 | T44: 438071.54 | U44: 454567.65 | V44: 469794.15 | W44: 483740.8 | X44: 496425.26 | Y44: 507887.85 | Z44: 518186.28 | AA44: 527390.59 | AB44: 535578.71 | AC44: 542832.65 | AD44: 549235.38 | AE44: 554868.44 | AF44: 559810.21 | AG44: 564134.67 | AH44: 567910.62 | AI44: 571201.33 | AJ44: 574064.35 | AK44: 576551.66 | AL44: 578709.83 | AM44: 580580.37 | AN44: 582200.07 | AO44: 583601.4 | AP44: 584812.96 | AQ44: 585859.79
A45: 2019-08 | B45: 18693.874 | C45: 21288.596 | D45: 24176.937 | E45: 27373.537 | F45: 30888.673 | G45: 34726.923 | H45: 38885.852 | I45: 43354.833 | J45: 48114.162 | K45: 53134.597 | L45: 58377.473 | M45: 63795.457 | N45: 69333.986 | O45: 74933.308 | P45: 80530.989 | Q45: 86064.668 | R45: 91474.804 | S45: 96707.167 | T45: 101714.85 | U45: 106459.66 | V45: 110912.85 | W45: 115055.23 | X45: 118876.6 | Y45: 122374.94 | Z45: 125555.14 | AA45: 128427.76 | AB45: 131007.62 | AC45: 133312.58 | AD45: 135362.42 | AE45: 137177.9 | AF45: 138779.94 | AG45: 140189.1 | AH45: 141425.09 | AI45: 142506.51 | AJ45: 143450.62 | AK45: 144273.3 | AL45: 144988.98 | AM45: 145610.68 | AN45: 146150.07 | AO45: 146617.54 | AP45: 147022.29
A46: 2019-09 | B46: 62195.695 | C46: 70777 | D46: 80314.705 | E46: 90852.354 | F46: 102418.33 | G46: 115021.53 | H46: 128647.26 | I46: 143253.61 | J46: 158769.01 | K46: 175091.17 | L46: 192087.99 | M46: 209600.64 | N46: 227448.7 | O46: 245437.18 | P46: 263364.9 | Q46: 281033.33 | R46: 298255.36 | S46: 314862.84 | T46: 330712.58 | U46: 345690.23 | V46: 359712.02 | W46: 372724.51 | X46: 384702.56 | Y46: 395646.18 | Z46: 405576.54 | AA46: 414531.65 | AB46: 422562.19 | AC46: 429727.52 | AD46: 436092.25 | AE46: 441723.34 | AF46: 446687.83 | AG46: 451051.03 | AH46: 454875.31 | AI46: 458219.21 | AJ46: 461136.95 | AK46: 463678.19 | AL46: 465887.99 | AM46: 467806.91 | AN46: 469471.25 | AO46: 470913.28
A47: 2019-10 | B47: 59651.365 | C47: 67769.556 | D47: 76761.138 | E47: 86657.189 | F47: 97473.044 | G47: 109204.52 | H47: 121824.5 | I47: 135280.26 | J47: 149492.01 | K47: 164352.95 | L47: 179731.23 | M47: 195473.76 | N47: 211411.85 | O47: 227368.18 | P47: 243164.66 | Q47: 258630.21 | R47: 273608.08 | S47: 287961.69 | T47: 301578.92 | U47: 314374.43 | V47: 326290.03 | W47: 337293.57 | X47: 347376.46 | Y47: 356550.36 | Z47: 364843.44 | AA47: 372296.58 | AB47: 378959.77 | AC47: 384888.81 | AD47: 390142.57 | AE47: 394780.74 | AF47: 398862.07 | AG47: 402443.09 | AH47: 405577.19 | AI47: 408314.09 | AJ47: 410699.51 | AK47: 412775.09 | AL47: 414578.43 | AM47: 416143.25 | AN47: 417499.59
A48: 2019-11 | B48: 56389.845 | C48: 63898.849 | D48: 72170.603 | E48: 81220.087 | F48: 91046.185 | G48: 101628.72 | H48: 112926.12 | I48: 124873.97 | J48: 137384.92 | K48: 150350.07 | L48: 163642.04 | M48: 177119.5 | N48: 190632.97 | O48: 204031.38 | P48: 217168.75 | Q48: 229910.41 | R48: 242138.2 | S48: 253754.24 | T48: 264683.15 | U48: 274872.61 | V48: 284292.51 | W48: 292933 | X48: 300801.82 | Y48: 307921.11 | Z48: 314324.2 | AA48: 320052.52 | AB48: 325152.79 | AC48: 329674.6 | AD48: 333668.5 | AE48: 337184.38 | AF48: 340270.4 | AG48: 342972.16 | AH48: 345332.17 | AI48: 347389.62 | AJ48: 349180.21 | AK48: 350736.24 | AL48: 352086.67 | AM48: 353257.35
A49: 2019-12 | B49: 94487.959 | C49: 107037.65 | D49: 120853.28 | E49: 135957.31 | F49: 152345.02 | G49: 169979.74 | H49: 188789.07 | I49: 208662.67 | J49: 229452.36 | K49: 250974.68 | L49: 273016.15 | M49: 295341.11 | N49: 317701.38 | O49: 339847.25 | P49: 361538.47 | Q49: 382554.44 | R49: 402702.58 | S49: 421824.41 | T49: 439798.83 | U49: 456542.88 | V49: 472010.15 | W49: 486187.38 | X49: 499089.91 | Y49: 510756.42 | Z49: 521243.59 | AA49: 530621.05 | AB49: 538966.74 | AC49: 546363.04 | AD49: 552893.6 | AE49: 558640.81 | AF49: 563684.03 | AG49: 568098.25 | AH49: 571953.34 | AI49: 575313.59 | AJ49: 578237.56 | AK49: 580778.15 | AL49: 582982.81
A50: 2020-01 | B50: 27872.546 | C50: 31606.039 | D50: 35724.775 | E50: 40237.99 | F50: 45147.093 | G50: 50444.121 | H50: 56110.454 | I50: 62115.974 | J50: 68418.845 | K50: 74966.044 | L50: 81694.72 | M50: 88534.351 | N50: 95409.569 | O50: 102243.43 | P50: 108960.81 | Q50: 115491.68 | R50: 121773.87 | S50: 127755.15 | T50: 133394.57 | U50: 138662.88 | V50: 143542.32 | W50: 148025.66 | X50: 152114.97 | Y50: 155820 | Z50: 159156.57 | AA50: 162144.96 | AB50: 164808.42 | AC50: 167171.96 | AD50: 169261.24 | AE50: 171101.78 | AF50: 172718.3 | AG50: 174134.31 | AH50: 175371.8 | AI50: 176451.09 | AJ50: 177390.74 | AK50: 178207.56
A51: 2020-02 | B51: 47495.406 | C51: 54025.68 | D51: 61277.305 | E51: 69281.302 | F51: 78056.847 | G51: 87608.046 | H51: 97920.88 | I51: 108960.64 | J51: 120670.18 | K51: 132969.41 | L51: 145756.18 | M51: 158908.81 | N51: 172290.24 | O51: 185753.39 | P51: 199147.61 | Q51: 212325.25 | R51: 225148.18 | S51: 237493.22 | T51: 249256.44 | U51: 260355.8 | V51: 270732.22 | W51: 280349.13 | X51: 289190.83 | Y51: 297259.99 | Z51: 304574.65 | AA51: 311164.93 | AB51: 317069.94 | AC51: 322334.88 | AD51: 327008.5 | AE51: 331141.02 | AF51: 334782.47 | AG51: 337981.44 | AH51: 340784.18 | AI51: 343234.01 | AJ51: 345370.98
A52: 2020-03 | B52: 80714.455 | C52: 91406.849 | D52: 103170.28 | E52: 116021.68 | F52: 129954.64 | G52: 144935.42 | H52: 160899.89 | I52: 177751.82 | J52: 195363.16 | K52: 213576.41 | L52: 232209.3 | M52: 251061.55 | N52: 269923.19 | O52: 288583.85 | P52: 306842.03 | Q52: 324513.56 | R52: 341438.53 | S52: 357486.12 | T52: 372557.26 | U52: 386585.01 | V52: 399533.03 | W52: 411392.64 | X52: 422178.89 | Y52: 431926.07 | Z52: 440683.27 | AA52: 448510.05 | AB52: 455472.71 | AC52: 461640.98 | AD52: 467085.42 | AE52: 471875.37 | AF52: 476077.5 | AG52: 479754.69 | AH52: 482965.48 | AI52: 485763.64
A53: 2020-04 | B53: 71428.501 | C53: 81225.99 | D53: 92099.12 | E53: 104092.29 | F53: 117231.82 | G53: 131521.18 | H53: 146936.51 | I53: 163422.91 | J53: 180892.05 | K53: 199221.55 | L53: 218256.62 | M53: 237814.03 | N53: 257688.47 | O53: 277660.75 | P53: 297507.35 | Q53: 317010.33 | R53: 335966.71 | S53: 354196.51 | T53: 371548.83 | U53: 387905.51 | V53: 403182.45 | W53: 417328.82 | X53: 430324.38 | Y53: 442175.71 | Z53: 452911.67 | AA53: 462578.56 | AB53: 471235.57 | AC53: 478950.43 | AD53: 485795.85 | AE53: 491846.4 | AF53: 497176.15 | AG53: 501856.88 | AH53: 505956.77
A54: 2020-05 | B54: 32368.225 | C54: 36622.257 | D54: 41293.34 | E54: 46385.614 | F54: 51893.72 | G54: 57801.343 | H54: 64080.152 | I54: 70689.357 | J54: 77576.024 | K54: 84676.255 | L54: 91917.243 | M54: 99220.079 | N54: 106503.12 | O54: 113685.6 | P54: 120691.17 | Q54: 127451.02 | R54: 133906.35 | S54: 140010.01 | T54: 145727.24 | U54: 151035.62 | V54: 155924.28 | W54: 160392.68 | X54: 164448.93 | Y54: 168108.12 | Z54: 171390.55 | AA54: 174320.17 | AB54: 176923.11 | AC54: 179226.54 | AD54: 181257.7 | AE54: 183043.16 | AF54: 184608.32 | AG54: 185977.07
A55: 2020-06 | B55: 47555.429 | C55: 53979.445 | D55: 61081.279 | E55: 68881.37 | F55: 77387.195 | G55: 86590.428 | H55: 96464.459 | I55: 106962.6 | J55: 118017.29 | K55: 129540.57 | L55: 141426.02 | M55: 153552.13 | N55: 165786.97 | O55: 177993.82 | P55: 190037.17 | Q55: 201788.72 | R55: 213132.62 | S55: 223969.65 | T55: 234220.04 | U55: 243824.76 | V55: 252745.49 | W55: 260963.32 | X55: 268476.73 | Y55: 275298.81 | Z55: 281454.47 | AA55: 286977.46 | AB55: 291907.69 | AC55: 296288.86 | AD55: 300166.46 | AE55: 303586.14 | AF55: 306592.5
A56: 2020-07 | B56: 73216.717 | C56: 83182.906 | D56: 94221.815 | E56: 106371.76 | F56: 119651.74 | G56: 134056.84 | H56: 149553.95 | I56: 166078.56 | J56: 183532.88 | K56: 201785.96 | L56: 220676.02 | M56: 240015.15 | N56: 259596.19 | O56: 279201.36 | P56: 298611.78 | Q56: 317617.2 | R56: 336024.81 | S56: 353666.64 | T56: 370404.67 | U56: 386133.77 | V56: 400782.22 | W56: 414310.28 | X56: 426707.17 | Y56: 437987.04 | Z56: 448184.38 | AA56: 457349.32 | AB56: 465543.17 | AC56: 472834.48 | AD56: 479295.55 | AE56: 484999.73
A57: 2020-08 | B57: 21632.433 | C57: 24722.112 | D57: 28187.214 | E57: 32054.186 | F57: 36345.893 | G57: 41079.92 | H57: 46266.726 | I57: 51907.756 | J57: 57993.675 | K57: 64502.895 | L57: 71400.624 | M57: 78638.626 | N57: 86155.846 | O57: 93879.986 | P57: 101730 | Q57: 109619.33 | R57: 117459.69 | S57: 125164.95 | T57: 132654.87 | U57: 139858.29 | V57: 146715.5 | W57: 153179.73 | X57: 159217.64 | Y57: 164809.08 | Z57: 169945.94 | AA57: 174630.78 | AB57: 178874.9 | AC57: 182696.58 | AD57: 186119.14
A58: 2020-09 | B58: 102803.98 | C58: 116263.16 | D58: 131028 | E58: 147107.69 | F58: 164481.12 | G58: 183092.41 | H58: 202847.84 | I58: 223614.78 | J58: 245223 | K58: 267468.78 | L58: 290121.59 | M58: 312933.24 | N58: 335648.47 | O58: 358016.31 | P58: 379800.99 | Q58: 400791.49 | R58: 420808.88 | S58: 439711.07 | T58: 457394.82 | U58: 473795.18 | V58: 488882.88 | W58: 502660.12 | X58: 515155.57 | Y58: 526418.85 | Z58: 536515.19 | AA58: 545520.52 | AB58: 553517.1 | AC58: 560589.95
A59: 2020-10 | B59: 39113.961 | C59: 44599.211 | D59: 50721.478 | E59: 57517.255 | F59: 65014.726 | G59: 73230.841 | H59: 82168.318 | I59: 91812.827 | J59: 102130.64 | K59: 113067.09 | L59: 124546.15 | M59: 136471.4 | N59: 148728.49 | O59: 161189.04 | P59: 173715.77 | Q59: 186168.5 | R59: 198410.3 | S59: 210313.45 | T59: 221764.5 | U59: 232668.14 | V59: 242949.51 | W59: 252555.15 | X59: 261452.46 | Y59: 269628.13 | Z59: 277085.76 | AA59: 283843.01 | AB59: 289928.59
A60: 2020-11 | B60: 42154.025 | C60: 47897.476 | D60: 54260.664 | E60: 61266.156 | F60: 68925.455 | G60: 77236.31 | H60: 86180.268 | I60: 95720.746 | J60: 105801.93 | K60: 116348.8 | L60: 127268.38 | M60: 138452.48 | N60: 149781.55 | O60: 161129.7 | P60: 172370.18 | Q60: 183380.99 | R60: 194050.07 | S60: 204279.54 | T60: 213988.8 | U60: 223116.23 | V60: 231619.54 | W60: 239475.03 | X60: 246675.83 | Y60: 253229.59 | Z60: 259155.85 | AA60: 264483.31
A61: 2020-12 | B61: 62282.589 | C61: 70820.427 | D61: 80294.158 | E61: 90742.002 | F61: 102186.36 | G61: 114629.68 | H61: 128050.53 | I61: 142400.49 | J61: 157602 | K61: 173547.96 | L61: 190103.14 | M61: 207107.75 | N61: 224382.95 | O61: 241738.07 | P61: 258978.88 | Q61: 275916.25 | R61: 292374.23 | S61: 308197.04 | T61: 323254.25 | U61: 337443.96 | V61: 350693.88 | W61: 362960.56 | X61: 374227.08 | Y61: 384499.72 | Z61: 393804
A62: 2021-01 | B62: 61680.642 | C62: 70078.291 | D62: 79380.317 | E62: 89619.155 | F62: 100811 | G62: 112951.87 | H62: 126014.1 | I62: 139943.49 | J62: 154657.83 | K62: 170046.91 | L62: 185974.49 | M62: 202282.27 | N62: 218795.65 | O62: 235330.99 | P62: 251703.67 | Q62: 267736.26 | R62: 283266.01 | S62: 298151.03 | T62: 312274.7 | U62: 325548.1 | V62: 337910.51 | W62: 349328.17 | X62: 359791.81 | Y62: 369313.18
A63: 2021-02 | B63: 64479 | C63: 73324.72 | D63: 83142 | E63: 93971.059 | F63: 105835.81 | G63: 118739.56 | H63: 132660.93 | I63: 147550.54 | J63: 163328.79 | K63: 179885.33 | L63: 197080.5 | M63: 214748.9 | N63: 232705.15 | O63: 250751.26 | P63: 268685.26 | Q63: 286310.16 | R63: 303442.43 | S63: 319919.29 | T63: 335604.17 | U63: 350390.1 | V63: 364200.87 | W63: 376990.33 | X63: 388740.02
A64: 2021-03 | B64: 67221.516 | C64: 76313.436 | D64: 86367.811 | E64: 97414.539 | F64: 109465.29 | G64: 122509.43 | H64: 136510.49 | I64: 151403.53 | J64: 167093.93 | K64: 183457.95 | L64: 200345.43 | M64: 217584.42 | N64: 234987.79 | O64: 252361.16 | P64: 269511.47 | Q64: 286255.46 | R64: 302427.26 | S64: 317884.42 | T64: 332511.99 | U64: 346224.48 | V64: 358965.9 | W64: 370708.06
A65: 2021-04 | B65: 95533.012 | C65: 108925.51 | D65: 123871.93 | E65: 140460.86 | F65: 158760.56 | G65: 178811.78 | H65: 200620.44 | I65: 224150.83 | J65: 249319.87 | K65: 275993.42 | L65: 303985.32 | M65: 333059.78 | N65: 362937.45 | O65: 393305.01 | P65: 423827.72 | Q65: 454164 | R65: 483980.5 | S65: 512966.53 | T65: 540846.39 | U65: 567388.66 | V65: 592411.91
A66: 2021-05 | B66: 70413.336 | C66: 79864.828 | D66: 90296.996 | E66: 101734.85 | F66: 114183.77 | G66: 127625.49 | H66: 142014.8 | I66: 157277.26 | J66: 173308.47 | K66: 189975.32 | L66: 207119.23 | M66: 224561.54 | N66: 242110.57 | O66: 259569.92 | P66: 276747.15 | Q66: 293462.16 | R66: 309554.4 | S66: 324888.36 | T66: 339357.07 | U66: 352883.5
A67: 2021-06 | B67: 30446.194 | C67: 34686.31 | D67: 39410.316 | E67: 44643.505 | F67: 50404.263 | G67: 56701.853 | H67: 63534.212 | I67: 70885.937 | J67: 78726.724 | K67: 87010.473 | L67: 95675.311 | M67: 104644.68 | N67: 113829.55 | O67: 123131.65 | P67: 132447.58 | Q67: 141673.3 | R67: 150708.76 | S67: 159462.14 | T67: 167853.33
A68: 2021-07 | B68: 49033.545 | C68: 55583.318 | D68: 62803.959 | E68: 70710.183 | F68: 79302.823 | G68: 88566.178 | H68: 98465.86 | I68: 108947.42 | J68: 119936.12 | K68: 131337.97 | L68: 143042.28 | M68: 154925.5 | N68: 166856.26 | O68: 178701.06 | P68: 190330.25 | Q68: 201623.5 | R68: 212474.61 | S68: 222794.95
A69: 2021-08 | B69: 78039.862 | C69: 88619.181 | D69: 100325.13 | E69: 113194.6 | F69: 127243.5 | G69: 142461.99 | H69: 158810.19 | I69: 176215.02 | J69: 194568.56 | K69: 213728.55 | L69: 233521.24 | M69: 253746.71 | N69: 274186.38 | O69: 294612.22 | P69: 314796.83 | Q69: 334523.42 | R69: 353594.85
A70: 2021-09 | B70: 84589.034 | C70: 95759.025 | D70: 108038.29 | E70: 121441.73 | F70: 135959.65 | G70: 151553.71 | H70: 168153.84 | I70: 185656.8 | J70: 203926.64 | K70: 222797.42 | L70: 242078.33 | M70: 261560.89 | N70: 281027.71 | O70: 300262.11 | P70: 319057.64 | Q70: 337226.67
A71: 2021-10 | B71: 43052.38 | C71: 48960.022 | D71: 55516.916 | E71: 62750.048 | F71: 70675.536 | G71: 79295.743 | H71: 88596.563 | I71: 98545.177 | J71: 109088.58 | K71: 120153.2 | L71: 131645.86 | M71: 143456.13 | N71: 155460.18 | O71: 167525.7 | P71: 179517.65
A72: 2021-11 | B72: 53128.711 | C72: 60575.339 | D72: 68885.601 | E72: 78108.633 | F72: 88282.226 | G72: 99428.856 | H72: 111551.63 | I72: 124630.49 | J72: 138619.03 | K72: 153442.5 | L72: 168997.22 | M72: 185151.99 | N72: 201751.43 | O72: 218621.38
A73: 2021-12 | B73: 25437.922 | C73: 28884.926 | D73: 32698.615 | E73: 36890.882 | F73: 41466.773 | G73: 46422.929 | H73: 51746.207 | I73: 57412.642 | J73: 63386.941 | K73: 69622.65 | L73: 76063.096 | M73: 82643.126 | N73: 89291.573
A74: 2022-01 | B74: 98884.36 | C74: 112244.51 | D74: 127014.99 | E74: 143238.52 | F74: 160930.86 | G74: 180074.95 | H74: 200615.69 | I74: 222456.21 | J74: 245456.23 | K74: 269432.97 | L74: 294165.19 | M74: 319400.2
A75: 2022-02 | B75: 115576.14 | C75: 130819.98 | D75: 147572.81 | E75: 165853.6 | F75: 185647.6 | G75: 206900.93 | H75: 229516.5 | I75: 253352.05 | J75: 278220.98 | K75: 303896.17 | L75: 330117.08
A76: 2022-03 | B76: 63579.002 | C76: 72162.181 | D76: 81649.509 | E76: 92067.837 | F76: 103426.64 | G76: 115714.25 | H76: 128894.56 | I76: 142904.64 | J76: 157653.77 | K76: 173024.07
A77: 2022-04 | B77: 70119.084 | C77: 79241.888 | D77: 89234.544 | E77: 100099.1 | F77: 111816.79 | G77: 124345.23 | H77: 137616.62 | I77: 151537.37 | J77: 165989.38
A78: 2022-05 | B78: 63117.766 | C78: 71488.801 | D78: 80700.977 | E78: 90768.306 | F78: 101686.61 | G78: 113430.33 | H78: 125950.1 | I78: 139171.36
A79: 2022-06 | B79: 72334.814 | C79: 82208.285 | D79: 93152.163 | E79: 105206.84 | F79: 118393.88 | G79: 132711.4 | H79: 148129.7
A80: 2022-07 | B80: 33528.015 | C80: 38215.383 | D80: 43442.904 | E80: 49240.319 | F80: 55630.019 | G80: 62624.578
A81: 2022-08 | B81: 71337.156 | C81: 81589.977 | D81: 93107.771 | E81: 105985.35 | F81: 120307.07
A82: 2022-09 | B82: 164787.38 | C82: 186832.47 | D82: 211144.64 | E82: 237776.13
A83: 2022-10 | B83: 71406.955 | C83: 81413.523 | D83: 92580.043
A84: 2022-11 | B84: 44363.125 | C84: 50420.96
A85: 2022-12 | B85: 97464.529

Sheet Incremental
A1: accident_period | B1: 0 | C1: 1 | D1: 2 | E1: 3 | F1: 4 | G1: 5 | H1: 6 | I1: 7 | J1: 8 | K1: 9 | L1: 10 | M1: 11 | N1: 12 | O1: 13 | P1: 14 | Q1: 15 | R1: 16 | S1: 17 | T1: 18 | U1: 19 | V1: 20 | W1: 21 | X1: 22 | Y1: 23 | Z1: 24 | AA1: 25 | AB1: 26 | AC1: 27 | AD1: 28 | AE1: 29 | AF1: 30 | AG1: 31 | AH1: 32 | AI1: 33 | AJ1: 34 | AK1: 35 | AL1: 36 | AM1: 37 | AN1: 38 | AO1: 39 | AP1: 40 | AQ1: 41 | AR1: 42 | AS1: 43 | AT1: 44 | AU1: 45 | AV1: 46 | AW1: 47 | AX1: 48 | AY1: 49 | AZ1: 50 | BA1: 51 | BB1: 52 | BC1: 53 | BD1: 54 | BE1: 55 | BF1: 56 | BG1: 57 | BH1: 58 | BI1: 59 | BJ1: 60 | BK1: 61 | BL1: 62 | BM1: 63 | BN1: 64 | BO1: 65 | BP1: 66 | BQ1: 67 | BR1: 68 | BS1: 69 | BT1: 70 | BU1: 71 | BV1: 72 | BW1: 73 | BX1: 74 | BY1: 75 | BZ1: 76 | CA1: 77 | CB1: 78 | CC1: 79 | CD1: 80 | CE1: 81 | CF1: 82 | CG1: 83
A2: 2016-01 | B2: 37434.057 | C2: 5098.0495 | D2: 5647.4998 | E2: 6216.7753 | F2: 6796.0306 | G2: 7373.0381 | H2: 7933.4058 | I2: 8461.0485 | J2: 8938.924 | K2: 9350.0136 | L2: 9678.4744 | M2: 9910.8492 | N2: 10037.19 | O2: 10051.938 | P2: 9954.4388 | Q2: 9748.9997 | R2: 9444.4927 | S2: 9053.5585 | T2: 8591.5325 | U2: 8075.2416 | V2: 7521.8252 | W2: 6947.7005 | X2: 6367.7587 | Y2: 5794.8241 | Z2: 5239.3735 | AA2: 4709.4793 | AB2: 4210.9262 | AC2: 3747.4454 | AD2: 3321.0144 | AE2: 2932.1822 | AF2: 2580.3861 | AG2: 2264.2422 | AH2: 1981.797 | AI2: 1730.736 | AJ2: 1508.5508 | AK2: 1312.6671 | AL2: 1140.5388 | AM2: 989.71502 | AN2: 857.88336 | AO2: 742.89682 | AP2: 642.78674 | AQ2: 555.7663 | AR2: 480.22723 | AS2: 414.73187 | AT2: 358.00245 | AU2: 308.90873 | AV2: 266.45499 | AW2: 229.76703 | AX2: 198.07954 | AY2: 170.72418 | AZ2: 147.11849 | BA2: 126.75578 | BB2: 109.19596 | BC2: 94.057218 | BD2: 81.008739 | BE2: 69.764123 | BF2: 60.075641 | BG2: 51.729159 | BH2: 44.539693 | BI2: 38.347523 | BJ2: 33.014804 | BK2: 28.422616 | BL2: 24.468397 | BM2: 21.06372 | BN2: 18.132361 | BO2: 15.60863 | BP2: 13.435927 | BQ2: 11.565487 | BR2: 9.9553057 | BS2: 8.5692027 | BT2: 7.3760194 | BU2: 6.3489234 | BV2: 5.4648096 | BW2: 4.7037835 | BX2: 4.048716 | BY2: 3.48486 | BZ2: 2.9995193 | CA2: 2.5817638 | CB2: 2.2221845 | CC2: 1.9126814 | CD2: 1.646282 | CE2: 1.4169842 | CF2: 1.2196216 | CG2: 1.0497469
A3: 2016-02 | B3: 88815.648 | C3: 12287.834 | D3: 13666.953 | E3: 15111.602 | F3: 16600.542 | G3: 18106.29 | H3: 19595.285 | I3: 21028.651 | J3: 22363.628 | K3: 23555.694 | L3: 24561.27 | M3: 25340.793 | N3: 25861.832 | O3: 26101.856 | P3: 26050.253 | Q3: 25709.316 | R3: 25094.03 | S3: 24230.694 | T3: 23154.592 | U3: 21907.066 | V3: 20532.365 | W3: 19074.672 | X3: 17575.586 | Y3: 16072.235 | Z3: 14596.093 | AA3: 13172.436 | AB3: 11820.349 | AC3: 10553.138 | AD3: 9379.0042 | AE3: 8301.8542 | AF3: 7322.1415 | AG3: 6437.6747 | AH3: 5644.3424 | AI3: 4936.7325 | AJ3: 4308.6406 | AK3: 3753.4706 | AL3: 3264.539 | AM3: 2835.2962 | AN3: 2459.4793 | AO3: 2131.2115 | AP3: 1845.0584 | AQ3: 1596.0538 | AR3: 1379.7026 | AS3: 1191.9679 | AT3: 1029.2479 | AU3: 888.34621 | AV3: 766.43943 | AW3: 661.04283 | AX3: 569.97697 | AY3: 491.33539 | AZ3: 423.45434 | BA3: 364.8847 | BB3: 314.36649 | BC3: 270.80572 | BD3: 233.25373 | BE3: 200.88874 | BF3: 172.99951 | BG3: 148.97099 | BH3: 128.27161 | BI3: 110.44227 | BJ3: 95.086617 | BK3: 81.862614 | BL3: 70.475222 | BM3: 60.670011 | BN3: 52.227629 | BO3: 44.95901 | BP3: 38.701227 | BQ3: 33.313899 | BR3: 28.67609 | BS3: 24.68363 | BT3: 21.246798 | BU3: 18.288327 | BV3: 15.741677 | BW3: 13.549557 | BX3: 11.662634 | BY3: 10.038435 | BZ3: 8.6403924 | CA3: 7.4370262 | CB3: 6.401235 | CC3: 5.5096882 | CD3: 4.7423023 | CE3: 4.0817891 | CF3: 3.5132668
A4: 2016-03 | B4: 154494.7 | C4: 20944.261 | D4: 23174.838 | E4: 25478.471 | F4: 27813.662 | G4: 30129.412 | H4: 32366.287 | I4: 34458.513 | J4: 36337.144 | K4: 37934.169 | L4: 39187.237 | M4: 40044.509 | N4: 40469.048 | O4: 40442.118 | P4: 39964.915 | Q4: 39058.459 | R4: 37761.654 | S4: 36127.826 | T4: 34220.257 | U4: 32107.305 | V4: 29857.74 | W4: 27536.728 | X4: 25202.793 | Y4: 22905.844 | Z4: 20686.225 | AA4: 18574.642 | AB4: 16592.738 | AC4: 14754.098 | AD4: 13065.491 | AE4: 11528.183 | AF4: 10139.193 | AG4: 8892.4382 | AH4: 7779.7156 | AI4: 6791.5093 | AJ4: 5917.6316 | AK4: 5147.7109 | AL4: 4471.5487 | AM4: 3879.369 | AN4: 3361.9798 | AO4: 2910.868 | AP4: 2518.2443 | AQ4: 2177.0512 | AR4: 1880.9449 | AS4: 1624.2617 | AT4: 1401.9723 | AU4: 1209.632 | AV4: 1043.3278 | AW4: 899.62612 | AX4: 775.52269 | AY4: 668.39491 | AZ4: 575.95811 | BA4: 496.22539 | BB4: 427.47136 | BC4: 368.19963 | BD4: 317.11379 | BE4: 273.09173 | BF4: 235.16296 | BG4: 202.48872 | BH4: 174.3445 | BI4: 150.1048 | BJ4: 129.22982 | BK4: 111.25391 | BL4: 95.775479 | BM4: 82.44832 | BN4: 70.974005 | BO4: 61.09536 | BP4: 52.590797 | BQ4: 45.269418 | BR4: 38.966787 | BS4: 33.541275 | BT4: 28.87091 | BU4: 24.850658 | BV4: 21.390075 | BW4: 18.411286 | BX4: 15.847243 | BY4: 13.640221 | BZ4: 11.740522 | CA4: 10.105366 | CB4: 8.69792 | CC4: 7.4864813 | CD4: 6.4437572 | CE4: 5.5462547
A5: 2016-04 | B5: 103617.09 | C5: 13809.99 | D5: 15216.074 | E5: 16650.684 | F5: 18084.304 | G5: 19481.944 | H5: 20804.208 | I5: 22009.037 | J5: 23054.056 | K5: 23899.391 | L5: 24510.666 | M5: 24861.846 | N5: 24937.526 | O5: 24734.344 | P5: 24261.293 | Q5: 23538.888 | R5: 22597.314 | S5: 21473.84 | T5: 20209.855 | U5: 18847.917 | V5: 17429.12 | W5: 15991.015 | X5: 14566.177 | Y5: 13181.418 | Z5: 11857.583 | AA5: 10609.778 | AB5: 9447.9271 | AC5: 8377.4941 | AD5: 7400.2876 | AE5: 6515.253 | AF5: 5719.2036 | AG5: 5007.4592 | AH5: 4374.3788 | AI5: 3813.7885 | AJ5: 3319.3117 | AK5: 2884.6138 | AL5: 2503.5764 | AM5: 2170.4127 | AN5: 1879.7388 | AO5: 1626.6101 | AP5: 1406.5329 | AQ5: 1215.4582 | AR5: 1049.7633 | AS5: 906.22594 | AT5: 781.99424 | AU5: 674.5544 | AV5: 581.6984 | AW5: 501.49253 | AX5: 432.24754 | AY5: 372.49089 | AZ5: 320.94129 | BA5: 276.48557 | BB5: 238.15792 | BC5: 205.12131 | BD5: 176.65105 | BE5: 152.12022 | BF5: 130.98688 | BG5: 112.7828 | BH5: 97.103712 | BI5: 83.600657 | BJ5: 71.972588 | BK5: 61.959857 | BL5: 53.338589 | BM5: 45.9158 | BN5: 39.525171 | BO5: 34.023391 | BP5: 29.286991 | BQ5: 25.209612 | BR5: 21.699644 | BS5: 18.67819 | BT5: 16.077307 | BU5: 13.838488 | BV5: 11.911358 | BW5: 10.252543 | BX5: 8.8246981 | BY5: 7.5956755 | BZ5: 6.5377973 | CA5: 5.6272372 | CB5: 4.8434841 | CC5: 4.1688819 | CD5: 3.5882317
A6: 2016-05 | B6: 45657.879 | C6: 6135.1707 | D6: 6773.5573 | E6: 7428.7268 | F6: 8087.99 | G6: 8736.0508 | H6: 9355.4059 | I6: 9927.0458 | J6: 10431.451 | K6: 10849.824 | L6: 11165.46 | M6: 11365.085 | N6: 11440.007 | O6: 11386.905 | P6: 11208.136 | Q6: 10911.517 | R6: 10509.611 | S6: 10018.63 | T6: 9457.11 | U6: 8844.5408 | V6: 8200.0971 | W6: 7541.5978 | X6: 6884.7533 | Y6: 6242.7147 | Z6: 5625.9 | AA6: 5042.0446 | AB6: 4496.4147 | AC6: 3992.1214 | AD6: 3530.482 | AE6: 3111.3881 | AF6: 2733.6524 | AG6: 2395.3153 | AH6: 2093.9051 | AI6: 1826.6488 | AJ6: 1590.6373 | AK6: 1382.9494 | AL6: 1200.7407 | AM6: 1041.3052 | AN6: 902.11289 | AO6: 780.83163 | AP6: 675.33533 | AQ6: 583.70348 | AR6: 504.21419 | AS6: 435.33328 | AT6: 375.70085 | AU6: 324.11681 | AV6: 279.52591 | AW6: 241.00322 | AX6: 207.74011 | AY6: 179.03126 | AZ6: 154.26262 | BA6: 132.90044 | BB6: 114.48147 | BC6: 98.604093 | BD6: 84.920478 | BE6: 73.129657 | BF6: 62.971395 | BG6: 54.220823 | BH6: 46.683743 | BI6: 40.192519 | BJ6: 34.602507 | BK6: 29.788942 | BL6: 25.64424 | BM6: 22.075655 | BN6: 19.003251 | BO6: 16.358145 | BP6: 14.080991 | BQ6: 12.120662 | BR6: 10.433121 | BS6: 8.9804422 | BT6: 7.7299615 | BU6: 6.6535531 | BV6: 5.7269985 | BW6: 4.9294455 | BX6: 4.2429405 | BY6: 3.6520272 | BZ6: 3.143399 | CA6: 2.7056004 | CB6: 2.3287703 | CC6: 2.0044196
A7: 2016-06 | B7: 52017.537 | C7: 7166.699 | D7: 7962.5139 | E7: 8793.7344 | F7: 9647.5548 | G7: 10507.596 | H7: 11354.064 | I7: 12164.25 | J7: 12913.429 | K7: 13576.137 | L7: 14127.775 | M7: 14546.379 | N7: 14814.381 | O7: 14920.129 | P7: 14858.936 | Q7: 14633.521 | R7: 14253.75 | S7: 13735.74 | T7: 13100.443 | U7: 12371.931 | V7: 11575.603 | W7: 10736.523 | X7: 9878.0435 | Y7: 9020.8041 | Z7: 8182.1274 | AA7: 7375.7744 | AB7: 6611.9986 | AC7: 5897.8158 | AD7: 5237.4091 | AE7: 4632.5985 | AF7: 4083.3222 | AG7: 3588.0898 | AH7: 3144.3859 | AI7: 2749.0121 | AJ7: 2398.3653 | AK7: 2088.6557 | AL7: 1816.0708 | AM7: 1576.894 | AN7: 1367.5856 | AO7: 1184.8341 | AP7: 1025.5846 | AQ7: 887.0511 | AR7: 766.71595 | AS7: 662.32105 | AT7: 571.85391 | AU7: 493.53029 | AV7: 425.77528 | AW7: 367.20384 | AX7: 316.6018 | AY7: 272.90755 | AZ7: 235.19499 | BA7: 202.65781 | BB7: 174.5951 | BC7: 150.39846 | BD7: 129.54043 | BE7: 111.56417 | BF7: 96.074355 | BG7: 82.729169 | BH7: 71.233235 | BI7: 61.331456 | BJ7: 52.803625 | BK7: 45.45973 | BL7: 39.135874 | BM7: 33.690725 | BN7: 29.002445 | BO7: 24.966022 | BP7: 21.490963 | BQ7: 18.499302 | BR7: 15.923874 | BS7: 13.706826 | BT7: 11.79833 | BU7: 10.155477 | BV7: 8.7413153 | BW7: 7.5240272 | BX7: 6.476218 | BY7: 5.5743013 | BZ7: 4.7979706 | CA7: 4.1297442 | CB7: 3.5545724
A8: 2016-07 | B8: 53298.34 | C8: 7236.3752 | D8: 8010.0977 | E8: 8810.013 | F8: 9621.9 | G8: 10428.222 | H8: 11208.476 | I8: 11939.896 | J8: 12598.536 | K8: 13160.678 | L8: 13604.466 | M8: 13911.598 | N8: 14068.867 | O8: 14069.34 | P8: 13912.996 | Q8: 13606.727 | R8: 13163.707 | S8: 12602.211 | T8: 11944.079 | U8: 11213.023 | V8: 10432.992 | W8: 9626.7628 | X8: 8814.8537 | Y8: 8014.821 | Z8: 7240.9061 | AA8: 6503.9919 | AB8: 5811.7918 | AC8: 5169.1928 | AD8: 4578.6837 | AE8: 4040.8101 | AF8: 3554.6153 | AG8: 3118.0408 | AH8: 2728.271 | AI8: 2382.0178 | AJ8: 2075.7476 | AK8: 1805.8533 | AL8: 1568.7819 | AM8: 1361.1224 | AN8: 1179.6644 | AO8: 1021.4322 | AP8: 883.70103 | AQ8: 764.00084 | AR8: 660.1104 | AS8: 570.04575 | AT8: 492.0447 | AU8: 424.54941 | AV8: 366.18811 | AW8: 315.7569 | AX8: 272.20219 | AY8: 234.60415 | AZ8: 202.16136 | BA8: 174.17679 | BB8: 150.04509 | BC8: 129.24124 | BD8: 111.31034 | BE8: 95.85861 | BF8: 82.545503 | BG8: 71.076656 | BH8: 61.197802 | BI8: 52.689414 | BJ8: 45.362041 | BK8: 39.052247 | BL8: 33.619084 | BM8: 28.941033 | BN8: 24.913349 | BO8: 21.445764 | BP8: 18.4605 | BQ8: 15.890553 | BR8: 13.678202 | BS8: 11.773735 | BT8: 10.134338 | BU8: 8.7231433 | BV8: 7.5084033 | BW8: 6.4627828 | BX8: 5.5627467 | BY8: 4.7880323 | BZ8: 4.1211953 | CA8: 3.547218
A9: 2016-08 | B9: 26669.238 | C9: 3649.9057 | D9: 4048.3149 | E9: 4462.5218 | F9: 4885.69 | G9: 5309.2265 | H9: 5722.9063 | I9: 6115.1763 | J9: 6473.6544 | K9: 6785.8129 | L9: 7039.8008 | M9: 7225.3299 | N9: 7334.5191 | O9: 7362.586 | P9: 7308.2839 | Q9: 7174.0183 | R9: 6965.6233 | S9: 6691.8341 | T9: 6363.5344 | U9: 5992.8864 | V9: 5592.4556 | W9: 5174.425 | X9: 4749.9683 | Y9: 4328.8127 | Z9: 3918.9956 | AA9: 3526.7913 | AB9: 3156.7728 | AC9: 2811.9692 | AD9: 2494.0774 | AE9: 2203.6986 | AF9: 1940.5729 | AG9: 1703.797 | AH9: 1492.0144 | AI9: 1303.5752 | AJ9: 1136.6645 | AK9: 989.40129 | AL9: 859.91304 | AM9: 746.38781 | AN9: 647.10979 | AO9: 560.48093 | AP9: 485.03243 | AQ9: 419.42851 | AR9: 362.46494 | AS9: 313.06379 | AT9: 270.26594 | AU9: 233.22222 | AV9: 201.18394 | AW9: 173.49333 | AX9: 149.57424 | AY9: 128.92325 | AZ9: 111.10149 | BA9: 95.727024 | BB9: 82.468011 | BC9: 71.036505 | BD9: 61.182944 | BE9: 52.691241 | BF9: 45.374453 | BG9: 39.070969 | BH9: 33.641159 | BI9: 28.964453 | BJ9: 24.936783 | BK9: 21.468362 | BL9: 18.481751 | BM9: 15.910177 | BN9: 13.696081 | BO9: 11.789857 | BP9: 10.148757 | BQ9: 8.7359563 | BR9: 7.5197297 | BS9: 6.4727524 | BT9: 5.5714913 | BU9: 4.7956801 | BV9: 4.1278676 | BW9: 3.5530275 | BX9: 3.0582221 | BY9: 2.6323124 | BZ9: 2.2657087
A10: 2016-09 | B10: 24635.962 | C10: 3396.944 | D10: 3774.9291 | E10: 4169.9508 | F10: 4575.9767 | G10: 4985.2741 | H10: 5388.4792 | I10: 5774.8304 | J10: 6132.5871 | K10: 6449.6334 | L10: 6714.2334 | M10: 6915.8754 | N10: 7046.1113 | O10: 7099.2835 | P10: 7073.037 | Q10: 6968.5376 | R10: 6790.3634 | S10: 6546.086 | T10: 6245.6061 | U10: 5900.3398 | V10: 5522.3646 | W10: 5123.6252 | X10: 4715.2726 | Y10: 4307.1814 | Z10: 3907.6544 | AA10: 3523.3013 | AB10: 3159.0599 | AC10: 2818.3214 | AD10: 2503.1211 | AE10: 2214.3617 | AF10: 1952.0424 | AG10: 1715.4751 | AH10: 1503.4774 | AI10: 1314.5366 | AJ10: 1146.9432 | AK10: 998.89546 | AL10: 868.57861 | AM10: 754.22166 | AN10: 654.13667 | AO10: 566.74362 | AP10: 490.58436 | AQ10: 424.32851 | AR10: 366.77345 | AS10: 316.84031 | AT10: 273.56737 | AU10: 236.10182 | AV10: 203.6908 | AW10: 175.67214 | AX10: 151.46529 | AY10: 130.5626 | AZ10: 112.52119 | BA10: 96.955442 | BB10: 83.530125 | BC10: 71.954243 | BD10: 61.975497 | BE10: 53.375363 | BF10: 45.964741 | BG10: 39.580116 | BH10: 34.080188 | BI10: 29.342923 | BJ10: 25.262976 | BK10: 21.749447 | BL10: 18.723925 | BM10: 16.118798 | BN10: 13.875776 | BO10: 11.94462 | BP10: 10.282037 | BQ10: 8.850725 | BR10: 7.6185521 | BS10: 6.5578395 | BT10: 5.6447484 | BU10: 4.8587494 | BV10: 4.182164 | BW10: 3.5997698 | BX10: 3.0984602 | BY10: 2.6669506
A11: 2016-10 | B11: 57660.958 | C11: 7755.857 | D11: 8565.0308 | E11: 9396.0738 | F11: 10233.016 | G11: 11056.567 | H11: 11844.606 | I11: 12573.058 | J11: 13217.144 | K11: 13752.939 | L11: 14159.096 | M11: 14418.567 | N11: 14520.066 | O11: 14459.094 | P11: 14238.36 | Q11: 13867.523 | R11: 13362.316 | S11: 12743.163 | T11: 12033.509 | U11: 11258.075 | V11: 10441.244 | W11: 9605.7213 | X11: 8771.5682 | Y11: 7955.6122 | Z11: 7171.2146 | AA11: 6428.325 | AB11: 5733.745 | AC11: 5091.5232 | AD11: 4503.4129 | AE11: 3969.3398 | AF11: 3487.8432 | AG11: 3056.468 | AH11: 2672.0971 | AI11: 2331.2215 | AJ11: 2030.1524 | AK11: 1765.1799 | AL11: 1532.6883 | AM11: 1329.2347 | AN11: 1151.5983 | AO11: 996.80861 | AP11: 862.1567 | AQ11: 745.1946 | AR11: 643.72698 | AS11: 555.79737 | AT11: 479.67124 | AU11: 413.81763 | AV11: 356.89021 | AW11: 307.70873 | AX11: 265.2413 | AY11: 228.58774 | AZ11: 196.96433 | BA11: 169.6898 | BB11: 146.17282 | BC11: 125.90071 | BD11: 108.42944 | BE11: 93.374797 | BF11: 80.404545 | BG11: 69.231603 | BH11: 59.608035 | BI11: 51.319817 | BJ11: 44.182275 | BK11: 38.036114 | BL11: 32.743972 | BM11: 28.187433 | BN11: 24.264435 | BO11: 20.887028 | BP11: 17.979435 | BQ11: 15.47638 | BR11: 13.321634 | BS11: 11.466771 | BT11: 9.8700848 | BU11: 8.4956635 | BV11: 7.3125838 | BW11: 6.2942203 | BX11: 5.4176494
A12: 2016-11 | B12: 40897.13 | C12: 5649.8618 | D12: 6281.593 | E12: 6942.6673 | F12: 7623.2008 | G12: 8310.4564 | H12: 8988.9386 | I12: 9640.7594 | J12: 10246.314 | K12: 10785.27 | L12: 11237.813 | M12: 11586.064 | N12: 11815.488 | O12: 11916.143 | P12: 11883.576 | Q12: 11719.233 | R12: 11430.329 | S12: 11029.18 | T12: 10532.123 | U12: 9958.1609 | V12: 9327.5297 | W12: 8660.349 | X12: 7975.4912 | Y12: 7289.7426 | Z12: 6617.2818 | AA12: 5969.4518 | AB12: 5354.778 | AC12: 4779.166 | AD12: 4246.2147 | AE12: 3757.5883 | AF12: 3313.4011 | AG12: 2912.584 | AH12: 2553.212 | AI12: 2232.7836 | AJ12: 1948.4499 | AK12: 1697.1934 | AL12: 1475.9651 | AM12: 1281.7825 | AN12: 1111.7979 | AO12: 963.34175 | AP12: 833.948 | AQ12: 721.3645 | AR12: 623.55394 | AS12: 538.68757 | AT12: 465.13436 | AU12: 401.44742 | AV12: 346.34894 | AW12: 298.71474 | AX12: 257.55894 | AY12: 222.01929 | AZ12: 191.34341 | BA12: 164.87607 | BB12: 142.04761 | BC12: 122.36349 | BD12: 105.39487 | BE12: 90.77029 | BF12: 78.168299 | BG12: 67.310909 | BH12: 57.957891 | BI12: 49.90176 | BJ12: 42.963399 | BK12: 36.988245 | BL12: 31.842974 | BM12: 27.412612 | BN12: 23.59804 | BO12: 20.313828 | BP12: 17.486353 | BQ12: 15.052184 | BR12: 12.956676 | BS12: 11.15276 | BT12: 9.599896 | BU12: 8.2631712 | BV12: 7.1125213 | BW12: 6.1220586
A13: 2016-12 | B13: 43275.302 | C13: 5927.8691 | D13: 6576.4218 | E13: 7251.111 | F13: 7940.8986 | G13: 8631.8799 | H13: 9307.4753 | I13: 9948.9145 | J13: 10536.038 | K13: 11048.4 | L13: 11466.605 | M13: 11773.751 | N13: 11956.808 | O13: 12007.767 | P13: 11924.365 | Q13: 11710.297 | R13: 11374.876 | S13: 10932.184 | T13: 10399.862 | U13: 9797.6901 | V13: 9146.1602 | W13: 8465.1858 | X13: 7773.0677 | Y13: 7085.7699 | Z13: 6416.5103 | AA13: 5775.6311 | AB13: 5170.6938 | AC13: 4606.7292 | AD13: 4086.5816 | AE13: 3611.2934 | AF13: 3180.488 | AG13: 2792.7267 | AH13: 2445.8209 | AI13: 2137.0941 | AJ13: 1863.5935 | AK13: 1622.2534 | AL13: 1410.0175 | AM13: 1223.9259 | AN13: 1061.1737 | AO13: 919.14675 | AP13: 795.44145 | AQ13: 687.87101 | AR13: 594.46338 | AS13: 513.45291 | AT13: 443.26822 | AU13: 382.51782 | AV13: 329.9747 | AW13: 284.56071 | AX13: 245.33137 | AY13: 211.46141 | AZ13: 182.23124 | BA13: 157.01465 | BB13: 135.26749 | BC13: 116.51758 | BD13: 100.35568 | BE13: 86.427402 | BF13: 74.426175 | BG13: 64.086944 | BH13: 55.180707 | BI13: 47.509717 | BJ13: 40.903289 | BK13: 35.214159 | BL13: 30.315312 | BM13: 26.097228 | BN13: 22.465499 | BO13: 19.338759 | BP13: 16.646894 | BQ13: 14.3295 | BR13: 12.334542 | BS13: 10.617199 | BT13: 9.1388719 | BU13: 7.8663176 | BV13: 6.7709116
A14: 2017-01 | B14: 101359.18 | C14: 13323.853 | D14: 14630.78 | E14: 15950.863 | F14: 17254.381 | G14: 18507.012 | H14: 19671.122 | I14: 20707.658 | J14: 21578.542 | K14: 22249.384 | L14: 22692.198 | M14: 22887.8 | N14: 22827.538 | O14: 22514.088 | P14: 21961.21 | Q14: 21192.486 | R14: 20239.234 | S14: 19137.924 | T14: 17927.414 | U14: 16646.363 | V14: 15331.049 | W14: 14013.757 | X14: 12721.769 | Y14: 11476.92 | Z14: 10295.635 | AA14: 9189.2983 | AB14: 8164.8595 | AC14: 7225.5452 | AD14: 6371.5985 | AE14: 5600.983 | AF14: 4910.0134 | AG14: 4293.893 | AH14: 3747.1533 | AI14: 3264.0008 | AJ14: 2838.578 | AK14: 2465.1544 | AL14: 2138.2575 | AM14: 1852.7565 | AN14: 1603.9109 | AO14: 1387.391 | AP14: 1199.28 | AQ14: 1036.0618 | AR14: 894.60015 | AS14: 772.11287 | AT14: 666.14283 | AU14: 574.52818 | AV14: 495.373 | AW14: 427.01909 | AX14: 368.01951 | AY14: 317.11414 | AZ14: 273.20742 | BA14: 235.34821 | BB14: 202.71174 | BC14: 174.58364 | BD14: 150.34562 | BE14: 129.46305 | BF14: 111.4739 | BG14: 95.979101 | BH14: 82.63416 | BI14: 71.141802 | BJ14: 61.245598 | BK14: 52.724417 | BL14: 45.387619 | BM14: 39.07089 | BN14: 33.632631 | BO14: 28.95084 | BP14: 24.920417 | BQ14: 21.450831 | BR14: 18.464108 | BS14: 15.893099 | BT14: 13.679979 | BU14: 11.774958
A15: 2017-02 | B15: 56917.195 | C15: 7977.1782 | D15: 8902.2112 | E15: 9879.8369 | F15: 10897.893 | G15: 11939.967 | H15: 12985.305 | I15: 14009.079 | J15: 14983.088 | K15: 15876.941 | L15: 16659.693 | M15: 17301.855 | N15: 17777.564 | O15: 18066.697 | P15: 18156.617 | Q15: 18043.335 | R15: 17731.874 | S15: 17235.804 | T15: 16576.011 | U15: 15778.887 | V15: 14874.199 | W15: 13892.925 | X15: 12865.278 | Y15: 11819.123 | Z15: 10778.843 | AA15: 9764.6969 | AB15: 8792.5971 | AC15: 7874.2336 | AD15: 7017.4412 | AE15: 6226.7135 | AF15: 5503.7816 | AG15: 4848.1961 | AH15: 4257.8686 | AI15: 3729.5493 | AJ15: 3259.228 | AK15: 2842.4585 | AL15: 2474.6102 | AM15: 2151.057 | AN15: 1867.3112 | AO15: 1619.1148 | AP15: 1402.4962 | AQ15: 1213.8005 | AR15: 1049.7003 | AS15: 907.19373 | AT15: 783.59186 | AU15: 676.50077 | AV15: 583.79999 | AW15: 503.61921 | AX15: 434.31472 | AY15: 374.44632 | AZ15: 322.7554 | BA15: 278.14441 | BB15: 239.65808 | BC15: 206.46627 | BD15: 177.84859 | BE15: 153.18058 | BF15: 131.92152 | BG15: 113.60357 | BH15: 97.822247 | BI15: 84.228076 | BJ15: 72.519265 | BK15: 62.435318 | BL15: 53.751477 | BM15: 46.273886 | BN15: 39.835387 | BO15: 34.291885 | BP15: 29.519189 | BQ15: 25.410284 | BR15: 21.87297 | BS15: 18.827822 | BT15: 16.206429
A16: 2017-03 | B16: 104574.47 | C16: 14020.961 | D16: 15471.387 | E16: 16957.595 | F16: 18450.313 | G16: 19914.411 | H16: 21309.873 | I16: 22593.437 | J16: 23720.908 | K16: 24649.993 | L16: 25343.399 | M16: 25771.859 | N16: 25916.677 | O16: 25771.429 | P16: 25342.557 | Q16: 24648.776 | R16: 23719.367 | S16: 22591.63 | T16: 21307.866 | U16: 19912.271 | V16: 18448.101 | W16: 16955.369 | X16: 15469.193 | Y16: 14018.84 | Z16: 12627.373 | AA16: 11311.812 | AB16: 10083.635 | AC16: 8949.5045 | AD16: 7912.0944 | AE16: 6970.9186 | AF16: 6123.1104 | AG16: 5364.109 | AH16: 4688.2387 | AI16: 4089.1779 | AJ16: 3560.3244 | AK16: 3095.0684 | AL16: 2686.9893 | AM16: 2329.988 | AN16: 2018.3709 | AO16: 1746.8946 | AP16: 1510.7831 | AQ16: 1305.7255 | AR16: 1127.8589 | AS16: 973.74308 | AT16: 840.32999 | AU16: 724.93059 | AV16: 625.18119 | AW16: 539.01041 | AX16: 464.60776 | AY16: 400.39431 | AZ16: 344.99565 | BA16: 297.2173 | BB16: 256.02263 | BC16: 220.513 | BD16: 189.91021 | BE16: 163.54096 | BF16: 140.82307 | BG16: 121.25355 | BH16: 104.398 | BI16: 89.881468 | BJ16: 77.380428 | BK16: 66.615833 | BL16: 57.347066 | BM16: 49.366699 | BN16: 42.49596 | BO16: 36.580797 | BP16: 31.488484 | BQ16: 27.104687 | BR16: 23.330923 | BS16: 20.082372
A17: 2017-04 | B17: 74240.071 | C17: 9641.2145 | D17: 10555.817 | E17: 11471.311 | F17: 12365.612 | G17: 13213.759 | H17: 13988.995 | I17: 14664.239 | J17: 15213.864 | K17: 15615.613 | L17: 15852.424 | M17: 15913.924 | N17: 15797.383 | O17: 15507.964 | P17: 15058.243 | Q17: 14467.075 | R17: 13757.968 | S17: 12957.201 | T17: 12091.933 | U17: 11188.504 | V17: 10271.08 | W17: 9360.6999 | X17: 8474.755 | Y17: 7626.824 | Z17: 6826.8082 | AA17: 6081.2691 | AB17: 5393.8871 | AC17: 4765.9714 | AD17: 4196.968 | AE17: 3684.9297 | AF17: 3226.9286 | AG17: 2819.4007 | AH17: 2458.424 | AI17: 2139.9336 | AJ17: 1859.8813 | AK17: 1614.3501 | AL17: 1399.6303 | AM17: 1212.2665 | AN17: 1049.0825 | AO17: 907.18995 | AP17: 783.98454 | AQ17: 677.1352 | AR17: 584.56765 | AS17: 504.44541 | AT17: 435.14925 | AU17: 375.25657 | AV17: 323.52125 | AW17: 278.85452 | AX17: 240.30715 | AY17: 207.05308 | AZ17: 178.37457 | BA17: 153.64882 | BB17: 132.33607 | BC17: 113.96893 | BD17: 98.14306 | BE17: 84.508911 | BF17: 72.764473 | BG17: 62.648959 | BH17: 53.937279 | BI17: 46.43523 | BJ17: 39.975313 | BK17: 34.413102 | BL17: 29.624101 | BM17: 25.501012 | BN17: 21.951378 | BO17: 18.895544 | BP17: 16.264893 | BQ17: 14.000321 | BR17: 12.050928
A18: 2017-05 | B18: 75150.975 | C18: 9931.0595 | D18: 10919.279 | E18: 11921.324 | F18: 12915.365 | G18: 13875.943 | H18: 14774.863 | I18: 15582.548 | J18: 16269.791 | K18: 16809.787 | L18: 17180.212 | M18: 17365.114 | N18: 17356.333 | O18: 17154.26 | P18: 16767.797 | Q18: 16213.54 | R18: 15514.298 | S18: 14697.178 | T18: 13791.499 | U18: 12826.783 | V18: 11831.027 | W18: 10829.392 | X18: 9843.3519 | Y18: 8890.2791 | Z18: 7983.4082 | AA18: 7132.0788 | AB18: 6342.1668 | AC18: 5616.615 | AD18: 4955.9955 | AE18: 4359.0518 | AF18: 3823.1897 | AG18: 3344.8991 | AH18: 2920.1027 | AI18: 2544.4309 | AJ18: 2213.4331 | AK18: 1922.7308 | AL18: 1668.1257 | AM18: 1445.6694 | AN18: 1251.7045 | AO18: 1082.8837 | AP18: 936.17411 | AQ18: 808.84919 | AR18: 698.47438 | AS18: 602.88783 | AT18: 520.17874 | AU18: 448.66484 | AV18: 386.86995 | AW18: 333.50234 | AX18: 287.43441 | AY18: 247.68379 | AZ18: 213.39615 | BA18: 183.82959 | BB18: 158.34065 | BC18: 136.37187 | BD18: 117.44072 | BE18: 101.12989 | BF18: 87.078677 | BG18: 74.975534 | BH18: 64.551475 | BI18: 55.574373 | BJ18: 47.843981 | BK18: 41.187606 | BL18: 35.456363 | BM18: 30.521918 | BN18: 26.273676 | BO18: 22.616347 | BP18: 19.467838 | BQ18: 16.757432
A19: 2017-06 | B19: 114403.63 | C19: 15128.196 | D19: 16636.261 | E19: 18166.16 | F19: 19684.707 | G19: 21153.148 | H19: 22528.511 | I19: 23765.652 | J19: 24819.93 | K19: 25650.287 | L19: 26222.439 | M19: 26511.764 | N19: 26505.499 | O19: 26203.925 | P19: 25620.332 | Q19: 24779.8 | R19: 23716.962 | S19: 22473.089 | T19: 21092.906 | U19: 19621.513 | V19: 18101.742 | W19: 16572.135 | X19: 15065.625 | Y19: 13608.892 | Z19: 12222.292 | AA19: 10920.222 | AB19: 9711.7716 | AC19: 8601.5323 | AD19: 7590.4541 | AE19: 6676.6765 | AF19: 5856.2791 | AG19: 5123.9296 | AH19: 4473.4172 | AI19: 3898.0768 | AJ19: 3391.1124 | AK19: 2945.8337 | AL19: 2555.8223 | AM19: 2215.0391 | AN19: 1917.8883 | AO19: 1659.2476 | AP19: 1434.4745 | AQ19: 1239.3947 | AR19: 1070.2806 | AS19: 923.82156 | AT19: 797.09111 | AU19: 687.51263 | AV19: 592.82492 | AW19: 511.04928 | AX19: 440.45824 | AY19: 379.54684 | AZ19: 327.00616 | BA19: 281.69953 | BB19: 242.64105 | BC19: 208.97659 | BD19: 179.96681 | BE19: 154.97226 | BF19: 133.44027 | BG19: 114.89343 | BH19: 98.91958 | BI19: 85.163024 | BJ19: 73.31691 | BK19: 63.116615 | BL19: 54.333989 | BM19: 46.772378 | BN19: 40.262308 | BO19: 34.657757 | BP19: 29.832925
A20: 2017-07 | B20: 45267.671 | C20: 6153.3258 | D20: 6813.2807 | E20: 7496.1462 | F20: 8189.9095 | G20: 8879.7164 | H20: 9548.155 | I20: 10175.844 | J20: 10742.339 | K20: 11227.327 | L20: 11612.014 | M20: 11880.575 | N20: 12021.482 | O20: 12028.527 | P20: 11901.397 | Q20: 11645.701 | R20: 11272.456 | S20: 10797.096 | T20: 10238.17 | U20: 9615.9032 | V20: 8950.7841 | W20: 8262.3535 | X20: 7568.2617 | Y20: 6883.6478 | Z20: 6220.8264 | AA20: 5589.2382 | AB20: 4995.6033 | AC20: 4444.2092 | AD20: 3937.2749 | AE20: 3475.3394 | AF20: 3057.6399 | AG20: 2682.4559 | AH20: 2347.4064 | AI20: 2049.6962 | AJ20: 1786.3113 | AK20: 1554.1691 | AL20: 1350.2284 | AM20: 1171.5664 | AN20: 1015.4299 | AO20: 879.26508 | AP20: 760.73246 | AQ20: 657.71011 | AR20: 568.28925 | AS20: 490.76445 | AT20: 423.62056 | AU20: 365.51782 | AV20: 315.2763 | AW20: 271.86028 | AX20: 234.36328 | AY20: 201.99377 | AZ20: 174.06208 | BA20: 149.96831 | BB20: 129.19146 | BC20: 111.27959 | BD20: 95.841135 | BE20: 82.537129 | BF20: 71.074395 | BG20: 61.199525 | BH20: 52.693619 | BI20: 45.367677 | BJ20: 39.058594 | BK20: 33.625655 | BL20: 28.947511 | BM20: 24.919534 | BN20: 21.451539 | BO20: 18.465806
A21: 2017-08 | B21: 51617.095 | C21: 6960.5797 | D21: 7691.6642 | E21: 8443.8671 | F21: 9203.0238 | G21: 9951.9298 | H21: 10670.755 | I21: 11337.802 | J21: 11930.604 | K21: 12427.317 | L21: 12808.277 | M21: 13057.562 | N21: 13164.362 | O21: 13123.949 | P21: 12938.118 | Q21: 12615.021 | R21: 12168.416 | S21: 11616.463 | T21: 10980.217 | U21: 10282.048 | V21: 9544.1579 | W21: 8787.3358 | X21: 8030.0452 | Y21: 7287.8564 | Z21: 6573.2045 | AA21: 5895.4162 | AB21: 5260.9327 | AC21: 4673.6591 | AD21: 4135.3761 | AE21: 3646.1651 | AF21: 3204.8113 | AG21: 2809.165 | AH21: 2456.4479 | AI21: 2143.5046 | AJ21: 1866.9991 | AK21: 1623.5637 | AL21: 1409.9075 | AM21: 1222.89 | AN21: 1059.5688 | AO21: 917.22672 | AP21: 793.38306 | AQ21: 685.79437 | AR21: 592.44725 | AS21: 511.54634 | AT21: 441.49917 | AU21: 380.89958 | AV21: 328.51055 | AW21: 283.24736 | AX21: 244.1614 | AY21: 210.42496 | AZ21: 181.31727 | BA21: 156.21172 | BB21: 134.56431 | BC21: 115.90338 | BD21: 99.820365 | BE21: 85.961712 | BF21: 74.021683 | BG21: 63.736073 | BH21: 54.876692 | BI21: 47.246552 | BJ21: 40.675671 | BK21: 35.017424 | BL21: 30.145371 | BM21: 25.950507 | BN21: 22.33888
A22: 2017-09 | B22: 58496.175 | C22: 7875.7608 | D22: 8699.5296 | E22: 9546.1412 | F22: 10399.45 | G22: 11239.911 | H22: 12045.07 | I22: 12790.441 | J22: 13450.763 | K22: 14001.58 | L22: 14421 | M22: 14691.445 | N22: 14801.166 | O22: 14745.301 | P22: 14526.333 | Q22: 14153.853 | R22: 13643.684 | S22: 13016.498 | T22: 12296.109 | U22: 11507.703 | V22: 10676.173 | W22: 9824.7541 | X22: 8974.0113 | Y22: 8141.231 | Z22: 7340.1691 | AA22: 6581.0966 | AB22: 5871.0627 | AC22: 5214.2928 | AD22: 4612.6544 | AE22: 4066.1342 | AF22: 3573.2891 | AG22: 3131.6484 | AH22: 2738.0544 | AI22: 2388.9412 | AJ22: 2080.5516 | AK22: 1809.1024 | AL22: 1570.9022 | AM22: 1362.4335 | AN22: 1180.4037 | AO22: 1021.7746 | AP22: 883.77446 | AQ22: 763.89776 | AR22: 659.897 | AS22: 569.76874 | AT22: 491.7365 | AU22: 424.23205 | AV22: 365.87612 | AW22: 315.45942 | AX22: 271.9246 | AY22: 234.3492 | AZ22: 201.93 | BA22: 173.96879 | BB22: 149.85949 | BC22: 129.07661 | BD22: 111.16501 | BE22: 95.730833 | BF22: 82.433527 | BG22: 70.978796 | BH22: 61.112475 | BI22: 52.615158 | BJ22: 45.297524 | BK22: 38.996269 | BL22: 33.570571 | BM22: 28.899031
A23: 2017-10 | B23: 43243.255 | C23: 5955.936 | D23: 6616.7672 | E23: 7306.847 | F23: 8015.5074 | G23: 8729.1158 | H23: 9431.2087 | I23: 10102.914 | J23: 10723.697 | K23: 11272.431 | L23: 11728.723 | M23: 12074.388 | N23: 12294.914 | O23: 12380.706 | P23: 12327.963 | Q23: 12139.027 | R23: 11822.165 | S23: 11390.817 | T23: 10862.416 | U23: 10256.962 | V23: 9595.5359 | W23: 8898.9224 | X23: 8186.472 | Y23: 7475.2752 | Z23: 6779.6645 | AA23: 6111.0163 | AB23: 5477.7988 | AC23: 4885.7976 | AD23: 4338.4529 | AE23: 3837.2503 | AF23: 3382.1189 | AG23: 2971.8077 | AH23: 2604.2196 | AI23: 2276.6943 | AJ23: 1986.2387 | AK23: 1729.707 | AL23: 1503.9361 | AM23: 1305.8438 | AN23: 1132.4954 | AO23: 981.14569 | AP23: 849.26321 | AQ23: 734.53929 | AR23: 634.8879 | AS23: 548.43832 | AT23: 473.52342 | AU23: 408.66525 | AV23: 352.55932 | AW23: 304.05849 | AX23: 262.15715 | AY23: 225.9761 | AZ23: 194.74838 | BA23: 167.80624 | BB23: 144.56925 | BC23: 124.5336 | BD23: 107.26248 | BE23: 92.377595 | BF23: 79.551599 | BG23: 68.501437 | BH23: 58.982522 | BI23: 50.783618 | BJ23: 43.722384 | BK23: 37.641482 | BL23: 32.4052
A24: 2017-11 | B24: 25542.189 | C24: 3495.6326 | D24: 3877.1943 | E24: 4273.8836 | F24: 4679.1526 | G24: 5084.7712 | H24: 5480.9467 | I24: 5856.6141 | J24: 6199.9152 | K24: 6498.8519 | L24: 6742.0753 | M24: 6919.7328 | N24: 7024.2777 | O24: 7051.1309 | P24: 6999.0997 | Q24: 6870.4889 | R24: 6670.887 | S24: 6408.6603 | T24: 6094.2326 | U24: 5739.2522 | V24: 5355.7527 | W24: 4955.4018 | X24: 4548.9 | Y24: 4145.5625 | Z24: 3753.0862 | AA24: 3377.4792 | AB24: 3023.1209 | AC24: 2692.9115 | AD24: 2388.4759 | AE24: 2110.3894 | AF24: 1858.4031 | AG24: 1631.6514 | AH24: 1428.8354 | AI24: 1248.3748 | AJ24: 1088.5313 | AK24: 947.50357 | AL24: 823.4983 | AM24: 714.78024 | AN24: 619.70616 | AO24: 536.74567 | AP24: 464.49214 | AQ24: 401.66634 | AR24: 347.11502 | AS24: 299.80589 | AT24: 258.82045 | AU24: 223.34547 | AV24: 192.66396 | AW24: 166.14601 | AX24: 143.23986 | AY24: 123.46342 | AZ24: 106.39639 | BA24: 91.673025 | BB24: 78.975522 | BC24: 68.028133 | BD24: 58.591865 | BE24: 50.459781 | BF24: 43.452857 | BG24: 37.416323 | BH24: 32.216463 | BI24: 27.737814 | BJ24: 23.880715 | BK24: 20.559181
A25: 2017-12 | B25: 58512.489 | C25: 8003.4331 | D25: 8875.7937 | E25: 9782.3906 | F25: 10708.178 | G25: 11634.27 | H25: 12538.225 | I25: 13394.715 | J25: 14176.633 | K25: 14856.591 | L25: 15408.729 | M25: 15810.653 | N25: 16045.273 | O25: 16102.306 | P25: 15979.22 | Q25: 15681.465 | R25: 15221.971 | S25: 14619.977 | T25: 13899.379 | U25: 13086.82 | V25: 12209.781 | W25: 11294.87 | X25: 10366.458 | Y25: 9445.7368 | Z25: 8550.1911 | AA25: 7693.4515 | AB25: 6885.4339 | AC25: 6132.6868 | AD25: 5438.8578 | AE25: 4805.2101 | AF25: 4231.1361 | AG25: 3714.6314 | AH25: 3252.7099 | AI25: 2841.7513 | AJ25: 2477.7799 | AK25: 2156.681 | AL25: 1874.3607 | AM25: 1626.8606 | AN25: 1410.4335 | AO25: 1221.591 | AP25: 1057.1276 | AQ25: 914.1287 | AR25: 789.96736 | AS25: 682.29247 | AT25: 589.01234 | AU25: 508.27527 | AV25: 438.4488 | AW25: 378.09886 | AX25: 325.96937 | AY25: 280.96292 | AZ25: 242.12282 | BA25: 208.61655 | BB25: 179.72078 | BC25: 154.8079 | BD25: 133.33398 | BE25: 114.82805 | BF25: 98.882672 | BG25: 85.145617 | BH25: 73.312576 | BI25: 63.12078 | BJ25: 54.343427
A26: 2018-01 | B26: 58426.261 | C26: 8008.9573 | D26: 8886.8058 | E26: 9800.485 | F26: 10735.153 | G26: 11672.08 | H26: 12588.897 | I26: 13460.236 | J26: 14258.809 | K26: 14956.887 | L26: 15528.105 | M26: 15949.416 | N26: 16202.972 | O26: 16277.686 | P26: 16170.24 | Q26: 15885.397 | R26: 15435.557 | S26: 14839.635 | T26: 14121.42 | U26: 13307.665 | V26: 12426.146 | W26: 11503.903 | X26: 10565.83 | Y26: 9633.6746 | Z26: 8725.4738 | AA26: 7855.3677 | AB26: 7033.7184 | AC26: 6267.4452 | AD26: 5560.4881 | AE26: 4914.3276 | AF26: 4328.5054 | AG26: 3801.1093 | AH26: 3329.1981 | AI26: 2909.1598 | AJ26: 2536.9994 | AK26: 2208.5634 | AL26: 1919.7065 | AM26: 1666.4109 | AN26: 1444.867 | AO26: 1251.5228 | AP26: 1083.1109 | AQ26: 936.65812 | AR26: 809.4822 | AS26: 699.18131 | AT26: 603.61751 | AU26: 520.89732 | AV26: 449.35087 | AW26: 387.51076 | AX26: 334.09137 | AY26: 287.96929 | AZ26: 248.16491 | BA26: 213.82568 | BB26: 184.21074 | BC26: 158.67722 | BD26: 136.66787 | BE26: 117.70018 | BF26: 101.35668 | BG26: 87.27646 | BH26: 75.14768 | BI26: 64.701061
A27: 2018-02 | B27: 35969.302 | C27: 4953.6924 | D27: 5503.2093 | E27: 6077.0161 | F27: 6666.2349 | G27: 7259.5227 | H27: 7843.1838 | I27: 8401.5213 | J27: 8917.4601 | K27: 9373.4346 | L27: 9752.494 | M27: 10039.53 | N27: 10222.487 | O27: 10293.407 | P27: 10249.146 | Q27: 10091.669 | R27: 9827.8677 | S27: 9468.9284 | T27: 9029.3548 | U27: 8525.7811 | V27: 7975.7349 | W27: 7396.4937 | X27: 6804.1398 | Y27: 6212.8751 | Z27: 5634.6067 | AA27: 5078.7845 | AB27: 4552.4403 | AC27: 4060.3771 | AD27: 3605.4485 | AE27: 3188.8845 | AF27: 2810.6221 | AG27: 2469.6182 | AH27: 2164.1272 | AI27: 1891.9362 | AJ27: 1650.5558 | AK27: 1437.3704 | AL27: 1249.7503 | AM27: 1085.1334 | AN27: 941.08016 | AO27: 815.30893 | AP27: 705.7156 | AQ27: 610.38145 | AR27: 527.57278 | AS27: 455.7349 | AT27: 393.48234 | AU27: 339.58685 | AV27: 292.96438 | AW27: 252.66163 | AX27: 217.84293 | AY27: 187.77766 | AZ27: 161.82849 | BA27: 139.44051 | BB27: 120.13141 | BC27: 103.48252 | BD27: 89.130865 | BE27: 76.762094 | BF27: 66.104185 | BG27: 56.92193 | BH27: 49.012085
A28: 2018-03 | B28: 99139.957 | C28: 12698.529 | D28: 13857.394 | E28: 15005.268 | F28: 16112.478 | G28: 17146.27 | H28: 18072.406 | I28: 18857.22 | J28: 19469.972 | K28: 19885.253 | L28: 20085.141 | M28: 20060.809 | N28: 19813.338 | O28: 19353.619 | P28: 18701.349 | Q28: 17883.283 | R28: 16930.999 | S28: 15878.479 | T28: 14759.802 | U28: 13607.173 | V28: 12449.442 | W28: 11311.148 | X28: 10212.077 | Y28: 9167.2365 | Z28: 8187.1576 | AA28: 7278.4023 | AB28: 6444.1819 | AC28: 5685.0068 | AD28: 4999.3109 | AE28: 4384.0143 | AF28: 3835.0063 | AG28: 3347.5422 | AH28: 2916.5574 | AI28: 2536.9061 | AJ28: 2203.5357 | AK28: 1911.6079 | AL28: 1656.5771 | AM28: 1434.2363 | AN28: 1240.7383 | AO28: 1072.5987 | AP28: 926.68649 | AQ28: 800.20729 | AR28: 690.68034 | AS28: 595.9136 | AT28: 513.97763 | AU28: 443.17966 | AV28: 382.03872 | AW28: 329.26213 | AX28: 283.72389 | AY28: 244.44483 | AZ28: 210.57471 | BA28: 181.37616 | BB28: 156.21041 | BC28: 134.52459 | BD28: 115.84053 | BE28: 99.745013 | BF28: 85.881082 | BG28: 73.940586
A29: 2018-04 | B29: 106008.92 | C29: 14262.797 | D29: 15751.879 | E29: 17281.493 | F29: 18822.306 | G29: 20338.864 | H29: 21790.492 | I29: 23132.898 | J29: 24320.465 | K29: 25309.112 | L29: 26059.481 | M29: 26540.085 | N29: 26730.028 | O29: 26620.892 | P29: 26217.525 | Q29: 25537.584 | R29: 24609.925 | S29: 23472.074 | T29: 22167.15 | U29: 20740.655 | V29: 19237.496 | W29: 17699.515 | X29: 16163.701 | Y29: 14661.096 | Z29: 13216.365 | AA29: 11847.888 | AB29: 10568.243 | AC29: 9384.9308 | AD29: 8301.2197 | AE29: 7317.0032 | AF29: 6429.6151 | AG29: 5634.5512 | AH29: 4926.0831 | AI29: 4297.7565 | AJ29: 3742.782 | AK29: 3254.3294 | AL29: 2825.7398 | AM29: 2450.6709 | AN29: 2123.1891 | AO29: 1837.821 | AP29: 1589.5745 | AQ29: 1373.9382 | AR29: 1186.8659 | AS29: 1024.7514 | AT29: 884.39754 | AU29: 762.98219 | AV29: 658.02348 | AW29: 567.34566 | AX29: 489.0464 | AY29: 421.46618 | AZ29: 363.16009 | BA29: 312.87216 | BB29: 269.51216 | BC29: 232.13487 | BD29: 199.92165 | BE29: 172.16412 | BF29: 148.24972
A30: 2018-05 | B30: 50160.973 | C30: 6410.3959 | D30: 6991.6421 | E30: 7566.3658 | F30: 8119.5527 | G30: 8634.6925 | H30: 9094.5979 | I30: 9482.4504 | J30: 9782.9867 | K30: 9983.7016 | L30: 10075.914 | M30: 10055.546 | N30: 9923.5044 | O30: 9685.5912 | P30: 9351.974 | Q30: 8936.2854 | R30: 8454.4901 | S30: 7923.6714 | T30: 7360.8825 | U30: 6782.1755 | V30: 6201.8753 | W30: 5632.1217 | X30: 5082.6618 | Y30: 4560.8537 | Z30: 4071.8255 | AA30: 3618.736 | AB30: 3203.0869 | AC30: 2825.0488 | AD30: 2483.7722 | AE30: 2177.6677 | AF30: 1904.6446 | AG30: 1662.3068 | AH30: 1448.108 | AI30: 1259.4682 | AJ30: 1093.8594 | AK30: 948.8647 | AL30: 822.21608 | AM30: 711.81651 | AN30: 615.74967 | AO30: 532.28109 | AP30: 459.85315 | AQ30: 397.07611 | AR30: 342.71675 | AS30: 295.68569 | AT30: 255.02428 | AU30: 219.89167 | AV30: 189.55233 | AW30: 163.36437 | AX30: 140.7687 | AY30: 121.27923 | AZ30: 104.4739 | BA30: 89.986715 | BB30: 77.500629 | BC30: 66.741256 | BD30: 57.471307 | BE30: 49.485713
A31: 2018-06 | B31: 76798.853 | C31: 10435.381 | D31: 11553.466 | E31: 12710.05 | F31: 13884.717 | G31: 15052.243 | H31: 16183.086 | I31: 17244.39 | J31: 18201.53 | K31: 19020.135 | L31: 19668.449 | M31: 20119.782 | N31: 20354.747 | O31: 20362.991 | P31: 20144.147 | Q31: 19707.869 | R31: 19072.943 | S31: 18265.603 | T31: 17317.322 | U31: 16262.362 | V31: 15135.403 | W31: 13969.488 | X31: 12794.436 | Y31: 11635.806 | Z31: 10514.367 | AA31: 9446.0257 | AB31: 8442.0883 | AC31: 7509.7526 | AD31: 6652.7242 | AE31: 5871.8751 | AF31: 5165.8834 | AG31: 4531.8144 | AH31: 3965.6227 | AI31: 3462.5675 | AJ31: 3017.5424 | AK31: 2625.3283 | AL31: 2280.7784 | AM31: 1978.9487 | AN31: 1715.1828 | AO31: 1485.163 | AP31: 1284.9342 | AQ31: 1110.9099 | AR31: 959.86413 | AS31: 828.91493 | AT31: 715.5021 | AU31: 617.36196 | AV31: 532.50097 | AW31: 459.1694 | AX31: 395.83581 | AY31: 341.16311 | AZ31: 293.98626 | BA31: 253.29191 | BB31: 218.19998 | BC31: 187.9471 | BD31: 161.87187
A32: 2018-07 | B32: 40146.504 | C32: 5449.7311 | D32: 6032.1433 | E32: 6634.1937 | F32: 7245.1614 | G32: 7851.8319 | H32: 8438.7605 | I32: 8988.8067 | J32: 9483.9476 | K32: 9906.3411 | L32: 10239.556 | M32: 10469.846 | N32: 10587.305 | O32: 10586.754 | P32: 10468.218 | Q32: 10236.922 | R32: 9902.8129 | S32: 9479.6667 | T32: 8983.9339 | U32: 8433.4639 | V32: 7846.2758 | W32: 7239.4977 | X32: 6628.5557 | Y32: 6026.642 | Z32: 5444.4539 | AA32: 4890.1619 | AB32: 4369.5531 | AC32: 3886.29 | AD32: 3442.2328 | AE32: 3037.7823 | AF32: 2672.2112 | AG32: 2343.9652 | AH32: 2050.922 | AI32: 1790.6054 | AJ32: 1560.3554 | AK32: 1357.4578 | AL32: 1179.2394 | AM32: 1023.1344 | AN32: 886.72847 | AO32: 767.78356 | AP32: 664.25085 | AQ32: 574.27302 | AR32: 496.18002 | AS32: 428.48022 | AT32: 369.84881 | AU32: 319.11462 | AV32: 275.24641 | AW32: 237.33914 | AX32: 204.60082 | AY32: 176.33997 | AZ32: 151.95418 | BA32: 130.91948 | BB32: 112.78085 | BC32: 97.14363
A33: 2018-08 | B33: 32283.461 | C33: 4487.7917 | D33: 4997.5933 | E33: 5533.3713 | F33: 6087.6869 | G33: 6650.7746 | H33: 7210.5639 | I33: 7752.9106 | J33: 8262.0761 | K33: 8721.4649 | L33: 9114.5946 | M33: 9426.2245 | N33: 9643.5307 | O33: 9757.1823 | P33: 9762.1722 | Q33: 9658.2786 | R33: 9450.0856 | S33: 9146.5598 | T33: 8760.2492 | U33: 8306.2223 | V33: 7800.897 | W33: 7260.9016 | X33: 6702.0871 | Y33: 6138.7666 | Z33: 5583.2127 | AA33: 5045.4043 | AB33: 4532.9884 | AC33: 4051.4052 | AD33: 3604.1224 | AE33: 3192.9307 | AF33: 2818.2597 | AG33: 2479.4841 | AH33: 2175.2033 | AI33: 1903.482 | AJ33: 1662.0499 | AK33: 1448.4602 | AL33: 1260.2108 | AM33: 1094.8339 | AN33: 949.95822 | AO33: 823.3502 | AP33: 712.93828 | AQ33: 616.82484 | AR33: 533.28886 | AS33: 460.7823 | AT33: 397.92206 | AU33: 343.47942 | AV33: 296.36791 | AW33: 255.63071 | AX33: 220.42796 | AY33: 190.02459 | AZ33: 163.77878 | BA33: 141.13129 | BB33: 121.5957
A34: 2018-09 | B34: 30230.176 | C34: 4214.8959 | D34: 4697.3104 | E34: 5205.3428 | F34: 5732.2037 | G34: 6268.8942 | H34: 6804.2025 | I34: 7324.8928 | J34: 7816.1283 | K34: 8262.1401 | L34: 8647.1242 | M34: 8956.3029 | N34: 9177.0471 | O34: 9299.9257 | P34: 9319.5395 | Q34: 9235.0165 | R34: 9050.0942 | S34: 8772.7724 | T34: 8414.5945 | U34: 7989.6628 | V34: 7513.5263 | W34: 7002.083 | X34: 6470.6111 | Y34: 5933.0098 | Z34: 5401.2847 | AA34: 4885.2739 | AB34: 4392.5853 | AC34: 3928.6965 | AD34: 3497.167 | AE34: 3099.9146 | AF34: 2737.5153 | AG34: 2409.4985 | AH34: 2114.6183 | AI34: 1851.0881 | AJ34: 1616.7773 | AK34: 1409.3673 | AL34: 1226.4729 | AM34: 1065.7306 | AN34: 924.86225 | AO34: 801.71635 | AP34: 694.29364 | AQ34: 600.75971 | AR34: 519.44876 | AS34: 448.86077 | AT34: 387.65437 | AU34: 334.63702 | AV34: 288.7536 | AW34: 249.07438 | AX34: 214.78295 | AY34: 185.16446 | AZ34: 159.59458 | BA34: 137.52916
A35: 2018-10 | B35: 37706.867 | C35: 5143.9609 | D35: 5700.8152 | E35: 6278.4519 | F35: 6867.038 | G35: 7454.3115 | H35: 8025.7859 | I35: 8565.2093 | J35: 9055.2944 | K35: 9478.699 | L35: 9819.1881 | M35: 10062.865 | N35: 10199.325 | O35: 10222.573 | P35: 10131.576 | Q35: 9930.3587 | R35: 9627.6297 | S35: 9235.9989 | T35: 8770.9007 | U35: 8249.3751 | V35: 7688.8622 | W35: 7106.1368 | X35: 6516.4722 | Y35: 5933.0706 | Z35: 5366.7601 | AA35: 4825.9218 | AB35: 4316.5977 | AC35: 3842.7217 | AD35: 3406.4222 | AE35: 3008.3507 | AF35: 2648.0062 | AG35: 2324.0329 | AH35: 2034.4786 | AI35: 1777.0105 | AJ35: 1549.0877 | AK35: 1348.0941 | AL35: 1171.4366 | AM35: 1016.6145 | AN35: 881.26568 | AO35: 763.19451 | AP35: 660.3862 | AQ35: 571.01084 | AR35: 493.42043 | AS35: 426.14116 | AT35: 367.86262 | AU35: 317.42531 | AV35: 273.8075 | AW35: 236.11192 | AX35: 203.55292 | AY35: 175.44429 | AZ35: 151.1879
A36: 2018-11 | B36: 23067.35 | C36: 3092.8162 | D36: 3412.767 | E36: 3740.6134 | F36: 4069.8985 | G36: 4392.8735 | H36: 4700.7112 | I36: 4983.8688 | J36: 5232.5971 | K36: 5437.5659 | L36: 5590.5482 | M36: 5685.0872 | N36: 5717.0577 | O36: 5685.0412 | P36: 5590.4581 | Q36: 5437.4357 | R36: 5232.4322 | S36: 4983.6755 | T36: 4700.4966 | U36: 4392.6446 | V36: 4069.662 | W36: 3740.3753 | X36: 3412.5324 | Y36: 3092.5893 | Z36: 2785.6347 | AA36: 2495.4232 | AB36: 2224.4871 | AC36: 1974.2969 | AD36: 1745.4425 | AE36: 1537.8169 | AF36: 1350.788 | AG36: 1183.3497 | AH36: 1034.2501 | AI36: 902.09482 | AJ36: 785.42736 | AK36: 682.78969 | AL36: 592.76539 | AM36: 514.00907 | AN36: 445.26467 | AO36: 385.37548 | AP36: 333.28796 | AQ36: 288.05108 | AR36: 248.81266 | AS36: 214.81379 | AT36: 185.38206 | AU36: 159.92425 | AV36: 137.91892 | AW36: 118.90911 | AX36: 102.49542 | AY36: 88.329536
A37: 2018-12 | B37: 48530.001 | C37: 6663.8515 | D37: 7397.5038 | E37: 8162.0164 | F37: 8945.1865 | G37: 9731.5456 | H37: 10502.546 | I37: 11237.073 | J37: 11912.319 | K37: 12505.004 | L37: 12992.869 | M37: 13356.317 | N37: 13579.998 | O37: 13654.15 | P37: 13575.48 | Q37: 13347.48 | R37: 12980.094 | S37: 12488.818 | T37: 11893.354 | U37: 11216.012 | V37: 10480.08 | W37: 9708.3308 | X37: 8921.8136 | Y37: 8138.9905 | Z37: 7375.2342 | AA37: 6642.6507 | AB37: 5950.1624 | AC37: 5303.7781 | AD37: 4706.9759 | AE37: 4161.1375 | AF37: 3665.9866 | AG37: 3219.9979 | AH37: 2820.7581 | AI37: 2465.2708 | AJ37: 2150.2021 | AK37: 1872.0726 | AL37: 1627.4009 | AM37: 1412.8061 | AN37: 1225.0778 | AO37: 1061.2194 | AP37: 918.47196 | AQ37: 794.32277 | AR37: 686.50396 | AS37: 592.98362 | AT37: 511.95233 | AU37: 441.807 | AV37: 381.13346 | AW37: 328.68869 | AX37: 283.38344
A38: 2019-01 | B38: 54986.965 | C38: 7367.2894 | D38: 8127.9979 | E38: 8907.0827 | F38: 9689.117 | G38: 10455.616 | H38: 11185.55 | I38: 11856.222 | J38: 12444.478 | K38: 12928.206 | L38: 13287.959 | M38: 13508.536 | N38: 13580.305 | O38: 13500.081 | P38: 13271.423 | Q38: 12904.301 | R38: 12414.192 | S38: 11820.734 | T38: 11146.141 | U38: 10413.577 | V38: 9645.6771 | W38: 8863.347 | X38: 8084.9115 | Y38: 7325.6182 | Z38: 6597.4653 | AA38: 5909.2871 | AB38: 5267.0242 | AC38: 4674.1059 | AD38: 4131.8821 | AE38: 3640.0591 | AF38: 3197.1061 | AG38: 2800.6136 | AH38: 2447.5954 | AI38: 2134.7327 | AJ38: 1858.5639 | AK38: 1615.6273 | AL38: 1402.5621 | AM38: 1216.1777 | AN38: 1053.4968 | AO38: 911.77841 | AP38: 788.52671 | AQ38: 681.48921 | AR38: 588.64797 | AS38: 508.20612 | AT38: 438.57183 | AU38: 378.3409 | AV38: 326.27915 | AW38: 281.30509
A39: 2019-02 | B39: 63833.996 | C39: 8665.8945 | D39: 9592.2071 | E39: 10549.807 | F39: 11521.652 | G39: 12486.737 | H39: 13420.503 | I39: 14295.692 | J39: 15083.637 | K39: 15755.952 | L39: 16286.492 | M39: 16653.371 | N39: 16840.811 | O39: 16840.548 | P39: 16652.593 | Q39: 16285.233 | R39: 15754.265 | S39: 15081.59 | T39: 14293.362 | U39: 13417.97 | V39: 12484.08 | W39: 11518.944 | X39: 10547.111 | Y39: 9589.5766 | Z39: 8663.3712 | AA39: 7781.5042 | AB39: 6953.1925 | AC39: 6184.2722 | AD39: 5477.7108 | AE39: 4834.1525 | AF39: 4252.4453 | AG39: 3730.1205 | AH39: 3263.8044 | AI39: 2849.5596 | AJ39: 2483.1553 | AK39: 2160.2741 | AL39: 1876.6634 | AM39: 1628.2413 | AN39: 1411.1661 | AO39: 1221.8771 | AP39: 1057.1142 | AQ39: 913.92201 | AR39: 789.64301 | AS39: 681.90362 | AT39: 588.59563 | AU39: 507.85534 | AV39: 438.04167
A40: 2019-03 | B40: 88955.918 | C40: 12350.363 | D40: 13748.861 | E40: 15217.345 | F40: 16735.105 | G40: 18275.061 | H40: 19803.851 | I40: 21282.502 | J40: 22667.781 | K40: 23914.253 | L40: 24976.968 | M40: 25814.561 | N40: 26392.46 | O40: 26685.8 | P40: 26681.646 | Q40: 26380.182 | R40: 25794.697 | S40: 24950.358 | T40: 23881.966 | U40: 22631.03 | V40: 21242.555 | W40: 19761.947 | X40: 18232.345 | Y40: 16692.583 | Z40: 15175.853 | AA40: 13709.06 | AB40: 12312.738 | AC40: 11001.42 | AD40: 9784.2915 | AE40: 8666.0032 | AF40: 7647.5352 | AG40: 6727.0319 | AH40: 5900.5596 | AI40: 5162.7589 | AJ40: 4507.3827 | AK40: 3927.724 | AL40: 3416.9417 | AM40: 2968.3001 | AN40: 2575.3358 | AO40: 2231.9669 | AP40: 1932.5574 | AQ40: 1671.9476 | AR40: 1445.4608 | AS40: 1248.8921 | AT40: 1078.4859 | AU40: 930.90681
A41: 2019-04 | B41: 86048.088 | C41: 11520.037 | D41: 12707.1 | E41: 13922.165 | F41: 15141.034 | G41: 16334.758 | H41: 17470.453 | I41: 18512.682 | J41: 19425.364 | K41: 20174.115 | L41: 20728.78 | M41: 21065.892 | N41: 21170.723 | O41: 21038.617 | P41: 20675.434 | Q41: 20096.998 | R41: 19327.662 | S41: 18398.199 | T41: 17343.321 | U41: 16199.143 | V41: 15000.898 | W41: 13781.074 | X41: 12568.103 | Y41: 11385.606 | Z41: 10252.136 | AA41: 9181.3242 | AB41: 8182.3049 | AC41: 7260.3177 | AD41: 6417.3809 | AE41: 5652.9702 | AF41: 4964.6505 | AG41: 4348.6324 | AH41: 3800.2399 | AI41: 3314.2887 | AJ41: 2885.3796 | AK41: 2508.1183 | AL41: 2177.2724 | AM41: 1887.8769 | AN41: 1635.301 | AO41: 1415.2829 | AP41: 1223.9432 | AQ41: 1057.7815 | AR41: 913.66255 | AS41: 788.79507 | AT41: 680.7066
A42: 2019-05 | B42: 50648.41 | C42: 7004.556 | D42: 7789.9214 | E42: 8612.3804 | F42: 9459.7868 | G42: 10316.44 | H42: 11163.187 | I42: 11977.863 | J42: 12736.111 | K42: 13412.596 | L42: 13982.551 | M42: 14423.526 | N42: 14717.16 | O42: 14850.746 | P42: 14818.379 | Q42: 14621.497 | R42: 14268.749 | S42: 13775.203 | T42: 13161.011 | U42: 12449.739 | V42: 11666.573 | W42: 10836.637 | X42: 9983.5584 | Y42: 9128.4076 | Z42: 8289.028 | AA42: 7479.7347 | AB42: 6711.3237 | AC42: 5991.3091 | AD42: 5324.3085 | AE42: 4712.5041 | AF42: 4156.1229 | AG42: 3653.895 | AH42: 3203.4651 | AI42: 2801.7436 | AJ42: 2445.1948 | AK42: 2130.0637 | AL42: 1852.5486 | AM42: 1608.9253 | AN42: 1395.6344 | AO42: 1209.3369 | AP42: 1046.9457 | AQ42: 905.64034 | AR42: 782.86827 | AS42: 676.33744
A43: 2019-06 | B43: 64775.812 | C43: 8933.1018 | D43: 9927.5195 | E43: 10966.875 | F43: 12035.324 | G43: 13112.548 | H43: 14173.932 | I43: 15191.179 | J43: 16133.402 | K43: 16968.714 | L43: 17666.214 | M43: 18198.204 | N43: 18542.403 | O43: 18683.862 | P43: 18616.316 | Q43: 18342.766 | R43: 17875.197 | S43: 17233.485 | T43: 16443.65 | U43: 15535.715 | V43: 14541.462 | W43: 13492.336 | X43: 12417.706 | Y43: 11343.589 | Z43: 10291.866 | AA43: 9279.9685 | AB43: 8320.9213 | AC43: 7423.6779 | AD43: 6593.6193 | AE43: 5833.1408 | AF43: 5142.2555 | AG43: 4519.1635 | AH43: 3960.761 | AI43: 3463.072 | AJ43: 3021.5998 | AK43: 2631.6037 | AL43: 2288.3069 | AM43: 1987.0474 | AN43: 1723.3809 | AO43: 1493.1468 | AP43: 1292.505 | AQ43: 1117.9517 | AR43: 966.31943
A44: 2019-07 | B44: 94901.238 | C44: 12572.029 | D44: 13831.425 | E44: 15110.743 | F44: 16382.558 | G44: 17614.732 | H44: 18771.508 | I44: 19815.181 | J44: 20708.303 | K44: 21416.25 | L44: 21909.889 | M44: 22168.023 | N44: 22179.279 | O44: 21943.157 | P44: 21470.076 | Q44: 20780.41 | R44: 19902.67 | S44: 18871.093 | T44: 17722.98 | U44: 16496.109 | V44: 15226.494 | W44: 13946.651 | X44: 12684.461 | Y44: 11462.595 | Z44: 10298.425 | AA44: 9204.3094 | AB44: 8188.1244 | AC44: 7253.9381 | AD44: 6402.7253 | AE44: 5633.065 | AF44: 4941.7743 | AG44: 4324.4562 | AH44: 3775.9523 | AI44: 3290.7034 | AJ44: 2863.0251 | AK44: 2487.3105 | AL44: 2158.1723 | AM44: 1870.536 | AN44: 1619.6952 | AO44: 1401.3386 | AP44: 1211.5565 | AQ44: 1046.8317
A45: 2019-08 | B45: 18693.874 | C45: 2594.7215 | D45: 2888.3416 | E45: 3196.6 | F45: 3515.1356 | G45: 3838.2503 | H45: 4158.9289 | I45: 4468.9813 | J45: 4759.3284 | K45: 5020.4352 | L45: 5242.8757 | M45: 5417.9844 | N45: 5538.5293 | O45: 5599.3219 | P45: 5597.6808 | Q45: 5533.6788 | R45: 5410.1366 | S45: 5232.3625 | T45: 5007.6793 | U45: 4744.809 | V45: 4453.1989 | W45: 4142.3732 | X45: 3821.374 | Y45: 3498.3359 | Z45: 3180.2075 | AA45: 2872.617 | AB45: 2579.8567 | AC45: 2304.9613 | AD45: 2049.8451 | AE45: 1815.4733 | AF45: 1602.0434 | AG45: 1409.1597 | AH45: 1235.9924 | AI45: 1081.4143 | AJ45: 944.11277 | AK45: 822.68006 | AL45: 715.6808 | AM45: 621.70229 | AN45: 539.38931 | AO45: 467.46688 | AP45: 404.7537
A46: 2019-09 | B46: 62195.695 | C46: 8581.3045 | D46: 9537.7048 | E46: 10537.649 | F46: 11565.973 | G46: 12603.204 | H46: 13625.726 | I46: 14606.357 | J46: 15515.399 | K46: 16322.153 | L46: 16996.822 | M46: 17512.652 | N46: 17848.059 | O46: 17988.485 | P46: 17927.711 | Q46: 17668.437 | R46: 17222.03 | S46: 16607.481 | T46: 15849.736 | U46: 14977.646 | V46: 14021.795 | W46: 13012.486 | X46: 11978.053 | Y46: 10943.622 | Z46: 9930.3526 | AA46: 8955.116 | AB46: 8030.542 | AC46: 7165.3294 | AD46: 6364.7261 | AE46: 5631.0933 | AF46: 4964.4862 | AG46: 4363.2034 | AH46: 3824.2787 | AI46: 3343.8976 | AJ46: 2917.7384 | AK46: 2541.2393 | AL46: 2209.8 | AM46: 1918.9284 | AN46: 1664.3402 | AO46: 1442.0231
A47: 2019-10 | B47: 59651.365 | C47: 8118.1912 | D47: 8991.5823 | E47: 9896.0506 | F47: 10815.855 | G47: 11731.477 | H47: 12619.979 | I47: 13455.762 | J47: 14211.747 | K47: 14860.943 | L47: 15378.28 | M47: 15742.531 | N47: 15938.085 | O47: 15956.337 | P47: 15796.474 | Q47: 15465.556 | R47: 14977.862 | S47: 14353.609 | T47: 13617.238 | U47: 12795.502 | V47: 11915.602 | W47: 11003.546 | X47: 10082.891 | Y47: 9173.8942 | Z47: 8293.0771 | AA47: 7453.1472 | AB47: 6663.1885 | AC47: 5929.037 | AD47: 5253.7599 | AE47: 4638.1706 | AF47: 4081.3322 | AG47: 3581.0163 | AH47: 3134.1004 | AI47: 2736.898 | AJ47: 2385.4214 | AK47: 2075.5828 | AL47: 1803.3433 | AM47: 1564.8172 | AN47: 1356.3407
A48: 2019-11 | B48: 56389.845 | C48: 7509.0039 | D48: 8271.7536 | E48: 9049.4843 | F48: 9826.0977 | G48: 10582.54 | H48: 11297.398 | I48: 11947.848 | J48: 12510.947 | K48: 12965.155 | L48: 13291.971 | M48: 13477.457 | N48: 13513.47 | O48: 13398.412 | P48: 13137.371 | Q48: 12741.658 | R48: 12227.784 | S48: 11616.044 | T48: 10928.916 | U48: 10189.458 | V48: 9419.8937 | W48: 8640.4958 | X48: 7868.8187 | Y48: 7119.2874 | Z48: 6403.0915 | AA48: 5728.3207 | AB48: 5100.2659 | AC48: 4521.816 | AD48: 3993.8931 | AE48: 3515.8814 | AF48: 3086.0219 | AG48: 2701.7568 | AH48: 2360.016 | AI48: 2057.4475 | AJ48: 1790.5942 | AK48: 1556.0258 | AL48: 1350.4316 | AM48: 1170.6821
A49: 2019-12 | B49: 94487.959 | C49: 12549.691 | D49: 13815.635 | E49: 15104.024 | F49: 16387.711 | G49: 17634.727 | H49: 18809.322 | I49: 19873.6 | J49: 20789.693 | K49: 21522.318 | L49: 22041.477 | M49: 22324.951 | N49: 22360.273 | O49: 22145.872 | P49: 21691.223 | Q49: 21015.965 | R49: 20148.145 | S49: 19121.826 | T49: 17974.418 | U49: 16744.051 | V49: 15467.268 | W49: 14177.236 | X49: 12902.529 | Y49: 11666.506 | Z49: 10487.177 | AA49: 9377.4566 | AB49: 8345.6876 | AC49: 7396.3047 | AD49: 6530.5569 | AE49: 5747.2143 | AF49: 5043.2139 | AG49: 4414.2203 | AH49: 3855.0916 | AI49: 3360.251 | AJ49: 2923.9722 | AK49: 2540.5907 | AL49: 2204.6517
A50: 2020-01 | B50: 27872.546 | C50: 3733.4927 | D50: 4118.7363 | E50: 4513.2151 | F50: 4909.103 | G50: 5297.0278 | H50: 5666.3327 | I50: 6005.5203 | J50: 6302.8711 | K50: 6547.1991 | L50: 6728.6761 | M50: 6839.6309 | N50: 6875.2174 | O50: 6833.8564 | P50: 6717.3821 | Q50: 6530.8722 | R50: 6282.1861 | S50: 5981.2828 | T50: 5639.417 | U50: 5268.3164 | V50: 4879.4345 | W50: 4483.3444 | X50: 4089.3091 | Y50: 3705.032 | Z50: 3336.5713 | AA50: 2988.3846 | AB50: 2663.4659 | AC50: 2363.54 | AD50: 2089.2813 | AE50: 1840.5339 | AF50: 1616.5177 | AG50: 1416.0093 | AH50: 1237.4947 | AI50: 1079.2926 | AJ50: 939.6502 | AK50: 816.81519
A51: 2020-02 | B51: 47495.406 | C51: 6530.2744 | D51: 7251.6245 | E51: 8003.9973 | F51: 8775.5453 | G51: 9551.199 | H51: 10312.834 | I51: 11039.756 | J51: 11709.544 | K51: 12299.229 | L51: 12786.767 | M51: 13152.636 | N51: 13381.424 | O51: 13463.158 | P51: 13394.213 | Q51: 13177.648 | R51: 12822.925 | S51: 12345.039 | T51: 11763.221 | U51: 11099.365 | V51: 10376.42 | W51: 9616.9043 | X51: 8841.6982 | Y51: 8069.1682 | Z51: 7314.6548 | AA51: 6590.2796 | AB51: 5905.0148 | AC51: 5264.9407 | AD51: 4673.6188 | AE51: 4132.5183 | AF51: 3641.4494 | AG51: 3198.9686 | AH51: 2802.7381 | AI51: 2449.8292 | AJ51: 2136.9681
A52: 2020-03 | B52: 80714.455 | C52: 10692.395 | D52: 11763.434 | E52: 12851.397 | F52: 13932.958 | G52: 14980.785 | H52: 15964.464 | I52: 16851.931 | J52: 17611.342 | K52: 18213.252 | L52: 18632.892 | M52: 18852.243 | N52: 18861.639 | O52: 18660.663 | P52: 18258.183 | Q52: 17671.532 | R52: 16924.963 | S52: 16047.592 | T52: 15071.144 | U52: 14027.745 | V52: 12948.019 | W52: 11859.618 | X52: 10786.246 | Y52: 9747.1818 | Z52: 8757.1933 | AA52: 7826.7872 | AB52: 6962.6595 | AC52: 6168.2669 | AD52: 5444.4364 | AE52: 4789.9581 | AF52: 4202.1243 | AG52: 3677.1948 | AH52: 3210.7826 | AI52: 2798.1597
A53: 2020-04 | B53: 71428.501 | C53: 9797.4895 | D53: 10873.13 | E53: 11993.169 | F53: 13139.529 | G53: 14289.36 | H53: 15415.329 | I53: 16486.402 | J53: 17469.137 | K53: 18329.502 | L53: 19035.068 | M53: 19557.414 | N53: 19874.436 | O53: 19972.281 | P53: 19846.604 | Q53: 19502.98 | R53: 18956.377 | S53: 18229.805 | T53: 17352.319 | U53: 16356.674 | V53: 15276.946 | W53: 14146.363 | X53: 12995.559 | Y53: 11851.336 | Z53: 10735.955 | AA53: 9666.898 | AB53: 8657.002 | AC53: 7714.8664 | AD53: 6845.4181 | AE53: 6050.5483 | AF53: 5329.7526 | AG53: 4680.7264 | AH53: 4099.89
A54: 2020-05 | B54: 32368.225 | C54: 4254.0315 | D54: 4671.0838 | E54: 5092.2732 | F54: 5508.1062 | G54: 5907.6227 | H54: 6278.8096 | I54: 6609.2054 | J54: 6886.6666 | K54: 7100.2313 | L54: 7240.9875 | M54: 7302.836 | N54: 7283.0403 | O54: 7182.48 | P54: 7005.5691 | Q54: 6759.8507 | R54: 6455.3325 | S54: 6103.6584 | T54: 5717.2292 | U54: 5308.3765 | V54: 4888.6683 | W54: 4468.3951 | X54: 4056.2497 | Y54: 3659.1874 | Z54: 3282.4363 | AA54: 2929.6187 | AB54: 2602.9428 | AC54: 2303.4306 | AD54: 2031.154 | AE54: 1785.4589 | AF54: 1565.1663 | AG54: 1368.744
A55: 2020-06 | B55: 47555.429 | C55: 6424.0163 | D55: 7101.8334 | E55: 7800.0908 | F55: 8505.8256 | G55: 9203.233 | H55: 9874.0306 | I55: 10498.14 | J55: 11054.688 | K55: 11523.281 | L55: 11885.451 | M55: 12126.111 | N55: 12234.845 | O55: 12206.843 | P55: 12043.351 | Q55: 11751.549 | R55: 11343.898 | S55: 10837.034 | T55: 10250.39 | U55: 9604.7236 | V55: 8920.7231 | W55: 8217.8375 | X55: 7513.4018 | Y55: 6822.0878 | Z55: 6155.6603 | AA55: 5522.9857 | AB55: 4930.2294 | AC55: 4381.1739 | AD55: 3877.5995 | AE55: 3419.6794 | AF55: 3006.3572
A56: 2020-07 | B56: 73216.717 | C56: 9966.1888 | D56: 11038.909 | E56: 12149.943 | F56: 13279.986 | G56: 14405.094 | H56: 15497.112 | I56: 16524.609 | J56: 17454.323 | K56: 18253.083 | L56: 18890.059 | M56: 19339.126 | N56: 19581.044 | O56: 19605.167 | P56: 19410.423 | Q56: 19005.413 | R56: 18407.616 | S56: 17641.823 | T56: 16738.032 | U56: 15729.101 | V56: 14648.452 | W56: 13528.059 | X56: 12396.892 | Y56: 11279.872 | Z56: 10197.337 | AA56: 9164.9349 | AB56: 8193.8585 | AC56: 7291.3071 | AD56: 6461.0732 | AE56: 5704.175
A57: 2020-08 | B57: 21632.433 | C57: 3089.6793 | D57: 3465.102 | E57: 3866.9721 | F57: 4291.707 | G57: 4734.0269 | H57: 5186.8056 | I57: 5641.0307 | J57: 6085.9189 | K57: 6509.2198 | L57: 6897.7292 | M57: 7238.0016 | N57: 7517.2197 | O57: 7724.1406 | P57: 7850.0113 | Q57: 7889.3321 | R57: 7840.3576 | S57: 7705.2596 | T57: 7489.925 | U57: 7203.421 | V57: 6857.2096 | W57: 6464.2228 | X57: 6037.9197 | Y57: 5591.4314 | Z57: 5136.8684 | AA57: 4684.831 | AB57: 4244.1269 | AC57: 3821.6756 | AD57: 3422.5616
A58: 2020-09 | B58: 102803.98 | C58: 13459.182 | D58: 14764.838 | E58: 16079.694 | F58: 17373.43 | G58: 18611.284 | H58: 19755.43 | I58: 20766.938 | J58: 21608.226 | K58: 22245.775 | L58: 22652.817 | M58: 22811.647 | N58: 22715.228 | O58: 22367.839 | P58: 21784.685 | Q58: 20990.501 | R58: 20017.389 | S58: 18902.192 | T58: 17683.749 | U58: 16400.361 | V58: 15087.692 | W58: 13777.247 | X58: 12495.448 | Y58: 11263.274 | Z58: 10096.343 | AA58: 9005.3292 | AB58: 7996.5829 | AC58: 7072.8507
A59: 2020-10 | B59: 39113.961 | C59: 5485.2494 | D59: 6122.2677 | E59: 6795.777 | F59: 7497.4708 | G59: 8216.1144 | H59: 8937.4776 | I59: 9644.5093 | J59: 10317.812 | K59: 10936.448 | L59: 11479.061 | M59: 11925.254 | N59: 12257.089 | O59: 12460.544 | P59: 12526.736 | Q59: 12452.726 | R59: 12241.799 | S59: 11903.15 | T59: 11451.057 | U59: 10903.634 | V59: 10281.372 | W59: 9605.6381 | X59: 8897.3106 | Y59: 8175.6738 | Z59: 7457.6305 | AA59: 6757.2454 | AB59: 6085.5853
A60: 2020-11 | B60: 42154.025 | C60: 5743.451 | D60: 6363.1888 | E60: 7005.4921 | F60: 7659.2987 | G60: 8310.8553 | H60: 8943.9579 | I60: 9540.478 | J60: 10081.188 | K60: 10546.865 | L60: 10919.585 | M60: 11184.094 | N60: 11329.074 | O60: 11348.151 | P60: 11240.477 | Q60: 11010.811 | R60: 10669.075 | S60: 10229.47 | T60: 9709.2621 | U60: 9127.4265 | V60: 8503.3162 | W60: 7855.4892 | X60: 7200.7952 | Y60: 6553.7594 | Z60: 5926.2605 | AA60: 5327.4624
A61: 2020-12 | B61: 62282.589 | C61: 8537.8383 | D61: 9473.7309 | E61: 10447.844 | F61: 11444.36 | G61: 12443.313 | H61: 13420.859 | I61: 14349.956 | J61: 15201.51 | K61: 15945.957 | L61: 16555.183 | M61: 17004.609 | N61: 17275.198 | O61: 17355.117 | P61: 17240.819 | Q61: 16937.369 | R61: 16457.98 | S61: 15822.807 | T61: 15057.21 | U61: 14189.71 | V61: 13249.921 | W61: 12266.676 | X61: 11266.519 | Y61: 10272.642 | Z61: 9304.2831
A62: 2021-01 | B62: 61680.642 | C62: 8397.6496 | D62: 9302.0254 | E62: 10238.838 | F62: 11191.843 | G62: 12140.876 | H62: 13062.222 | I62: 13929.392 | J62: 14714.339 | K62: 15389.079 | L62: 15927.585 | M62: 16307.78 | N62: 16513.38 | O62: 16535.339 | P62: 16372.681 | Q62: 16032.59 | R62: 15529.749 | S62: 14885.019 | T62: 14123.67 | U62: 13273.401 | V62: 12362.405 | W62: 11417.663 | X62: 10463.636 | Y62: 9521.3745
A63: 2021-02 | B63: 64479 | C63: 8845.7198 | D63: 9817.2801 | E63: 10829.059 | F63: 11864.754 | G63: 12903.748 | H63: 13921.374 | I63: 14889.609 | J63: 15778.25 | K63: 16556.541 | L63: 17195.164 | M63: 17668.405 | N63: 17956.245 | O63: 18046.106 | P63: 17934.001 | Q63: 17624.899 | R63: 17132.271 | S63: 16476.86 | T63: 15684.884 | U63: 14785.926 | V63: 13810.773 | W63: 12789.46 | X63: 11749.687
A64: 2021-03 | B64: 67221.516 | C64: 9091.9205 | D64: 10054.375 | E64: 11046.728 | F64: 12050.748 | G64: 13044.144 | H64: 14001.063 | I64: 14893.039 | J64: 15690.392 | K64: 16364.025 | L64: 16887.476 | M64: 17238.99 | N64: 17403.377 | O64: 17373.371 | P64: 17150.305 | Q64: 16743.989 | R64: 16171.803 | S64: 15457.162 | T64: 14627.562 | U64: 13712.489 | V64: 12741.425 | W64: 11742.163
A65: 2021-04 | B65: 95533.012 | C65: 13392.501 | D65: 14946.412 | E65: 16588.934 | F65: 18299.703 | G65: 20051.214 | H65: 21808.663 | I65: 23530.389 | J65: 25169.04 | K65: 26673.552 | L65: 27991.902 | M65: 29074.463 | N65: 29877.668 | O65: 30367.553 | P65: 30522.718 | Q65: 30336.276 | R65: 29816.495 | S65: 28986.03 | T65: 27879.863 | U65: 26542.272 | V65: 25023.253
A66: 2021-05 | B66: 70413.336 | C66: 9451.4919 | D66: 10432.168 | E66: 11437.855 | F66: 12448.915 | G66: 13441.724 | H66: 14389.313 | I66: 15262.455 | J66: 16031.214 | K66: 16666.848 | L66: 17143.913 | M66: 17442.309 | N66: 17549.031 | O66: 17459.344 | P66: 17177.231 | Q66: 16715.014 | R66: 16092.236 | S66: 15333.958 | T66: 14468.717 | U66: 13526.425
A67: 2021-06 | B67: 30446.194 | C67: 4240.1156 | D67: 4724.0059 | E67: 5233.1893 | F67: 5760.7579 | G67: 6297.5906 | H67: 6832.3582 | I67: 7351.7255 | J67: 7840.7868 | K67: 8283.7487 | L67: 8664.8379 | M67: 8969.3691 | N67: 9184.8665 | O67: 9302.1048 | P67: 9315.9269 | Q67: 9225.7184 | R67: 9035.4649 | S67: 8753.383 | T67: 8391.1834
A68: 2021-07 | B68: 49033.545 | C68: 6549.7728 | D68: 7220.6418 | E68: 7906.2242 | F68: 8592.6392 | G68: 9263.3558 | H68: 9899.6811 | I68: 10481.564 | J68: 10988.698 | K68: 11401.853 | L68: 11704.306 | M68: 11883.219 | N68: 11930.757 | O68: 11844.809 | P68: 11629.183 | Q68: 11293.252 | R68: 10851.108 | S68: 10320.342
A69: 2021-08 | B69: 78039.862 | C69: 10579.319 | D69: 11705.954 | E69: 12869.469 | F69: 14048.899 | G69: 15218.485 | H69: 16348.202 | I69: 17404.828 | J69: 18353.54 | K69: 19159.991 | L69: 19792.692 | M69: 20225.467 | N69: 20439.67 | O69: 20425.846 | P69: 20184.61 | Q69: 19726.587 | R69: 19071.435
A70: 2021-09 | B70: 84589.034 | C70: 11169.991 | D70: 12279.262 | E70: 13403.442 | F70: 14517.924 | G70: 15594.052 | H70: 16600.131 | I70: 17502.966 | J70: 18269.837 | K70: 18870.777 | L70: 19280.911 | M70: 19482.561 | N70: 19466.824 | O70: 19234.401 | P70: 18795.526 | Q70: 18169.028
A71: 2021-10 | B71: 43052.38 | C71: 5907.6416 | D71: 6556.8935 | E71: 7233.1324 | F71: 7925.4883 | G71: 8620.2064 | H71: 9300.8203 | I71: 9948.6141 | J71: 10543.404 | K71: 11064.623 | L71: 11492.655 | M71: 11810.274 | N71: 12004.049 | O71: 12065.516 | P71: 11991.947
A72: 2021-11 | B72: 53128.711 | C72: 7446.6286 | D72: 8310.2617 | E72: 9223.0318 | F72: 10173.593 | G72: 11146.63 | H72: 12122.776 | I72: 13078.856 | J72: 13988.544 | K72: 14823.464 | L72: 15554.721 | M72: 16154.769 | N72: 16599.449 | O72: 16869.949
A73: 2021-12 | B73: 25437.922 | C73: 3447.0039 | D73: 3813.6895 | E73: 4192.2671 | F73: 4575.8908 | G73: 4956.1562 | H73: 5323.2772 | I73: 5666.4349 | J73: 5974.2997 | K73: 6235.7092 | L73: 6440.4451 | M73: 6580.0303 | N73: 6648.4468
A74: 2022-01 | B74: 98884.36 | C74: 13360.153 | D74: 14770.482 | E74: 16223.524 | F74: 17692.343 | G74: 19144.087 | H74: 20540.738 | I74: 21840.527 | J74: 23000.014 | K74: 23976.74 | L74: 24732.225 | M74: 25235.009
A75: 2022-02 | B75: 115576.14 | C75: 15243.835 | D75: 16752.831 | E75: 18280.785 | F75: 19794.005 | G75: 21253.334 | H75: 22615.566 | I75: 23835.555 | J75: 24868.928 | K75: 25675.192 | L75: 26220.902
A76: 2022-03 | B76: 63579.002 | C76: 8583.1796 | D76: 9487.3277 | E76: 10418.328 | F76: 11358.806 | G76: 12287.611 | H76: 13180.304 | I76: 14010.084 | J76: 14749.127 | K76: 15370.3
A77: 2022-04 | B77: 70119.084 | C77: 9122.8037 | D77: 9992.6559 | E77: 10864.56 | F77: 11717.69 | G77: 12528.433 | H77: 13271.39 | I77: 13920.758 | J77: 14452.006
A78: 2022-05 | B78: 63117.766 | C78: 8371.0358 | D78: 9212.1755 | E78: 10067.329 | F78: 10918.3 | G78: 11743.724 | H78: 12519.772 | I78: 13221.263
A79: 2022-06 | B79: 72334.814 | C79: 9873.4706 | D79: 10943.878 | E79: 12054.673 | F79: 13187.048 | G79: 14317.517 | H79: 15418.296
A80: 2022-07 | B80: 33528.015 | C80: 4687.3676 | D80: 5227.5219 | E80: 5797.4142 | F80: 6389.7007 | G80: 6994.5583
A81: 2022-08 | B81: 71337.156 | C81: 10252.821 | D81: 11517.795 | E81: 12877.578 | F81: 14321.722
A82: 2022-09 | B82: 164787.38 | C82: 22045.086 | D82: 24312.17 | E82: 26631.489
A83: 2022-10 | B83: 71406.955 | C83: 10006.568 | D83: 11166.52
A84: 2022-11 | B84: 44363.125 | C84: 6057.8353
A85: 2022-12 | B85: 97464.529

Sheet Factors
A1: ATA Matrix (Age-to-Age Factors)
A2: average | B2: 1 | C2: 2 | D2: 3 | E2: 4 | F2: 5 | G2: 6 | H2: 7 | I2: 8 | J2: 9 | K2: 10 | L2: 11 | M2: 12 | N2: 13 | O2: 14 | P2: 15 | Q2: 16 | R2: 17 | S2: 18 | T2: 19 | U2: 20 | V2: 21 | W2: 22 | X2: 23 | Y2: 24 | Z2: 25 | AA2: 26 | AB2: 27 | AC2: 28 | AD2: 29 | AE2: 30 | AF2: 31 | AG2: 32 | AH2: 33 | AI2: 34 | AJ2: 35 | AK2: 36 | AL2: 37 | AM2: 38 | AN2: 39 | AO2: 40 | AP2: 41 | AQ2: 42 | AR2: 43 | AS2: 44 | AT2: 45 | AU2: 46 | AV2: 47 | AW2: 48 | AX2: 49 | AY2: 50 | AZ2: 51 | BA2: 52 | BB2: 53 | BC2: 54 | BD2: 55 | BE2: 56 | BF2: 57 | BG2: 58 | BH2: 59 | BI2: 60 | BJ2: 61 | BK2: 62 | BL2: 63 | BM2: 64 | BN2: 65 | BO2: 66 | BP2: 67 | BQ2: 68 | BR2: 69 | BS2: 70 | BT2: 71 | BU2: 72 | BV2: 73 | BW2: 74 | BX2: 75 | BY2: 76 | BZ2: 77 | CA2: 78 | CB2: 79 | CC2: 80 | CD2: 81 | CE2: 82 | CF2: 83
A3: VW All | B3: 1.135241 | C3: 1.131744 | D3: 1.1278343 | E3: 1.1237197 | F3: 1.1190203 | G3: 1.1141149 | H3: 1.1089203 | I3: 1.1035418 | J3: 1.0980047 | K3: 1.0921778 | L3: 1.0863725 | M3: 1.0803748 | N3: 1.0743697 | O3: 1.0683121 | P3: 1.0624811 | Q3: 1.0569782 | R3: 1.051609 | S3: 1.0465539 | T3: 1.0417246 | U3: 1.0373075 | V3: 1.0330172 | W3: 1.0292725 | X3: 1.0258295 | Y3: 1.0227397 | Z3: 1.0199489 | AA3: 1.0174717 | AB3: 1.0152264 | AC3: 1.0133417 | AD3: 1.0115787 | AE3: 1.0100623 | AF3: 1.0087405 | AG3: 1.0075919 | AH3: 1.0065663 | AI3: 1.0057008 | AJ3: 1.0049238 | AK3: 1.004259 | AL3: 1.0036917 | AM3: 1.0031937 | AN3: 1.0027554 | AO3: 1.0023704 | AP3: 1.0020418 | AQ3: 1.0017678 | AR3: 1.0015191 | AS3: 1.0013051 | AT3: 1.0011272 | AU3: 1.0009637 | AV3: 1.0008298 | AW3: 1.0007158 | AX3: 1.000615 | AY3: 1.0005299 | AZ3: 1.0004559 | BA3: 1.000391 | BB3: 1.0003354 | BC3: 1.0002886 | BD3: 1.0002481 | BE3: 1.0002148 | BF3: 1.0001853 | BG3: 1.0001614 | BH3: 1.0001386 | BI3: 1.0001189 | BJ3: 1.0001021 | BK3: 1.0000878 | BL3: 1.0000752 | BM3: 1.0000648 | BN3: 1.0000558 | BO3: 1.000048 | BP3: 1.0000418 | BQ3: 1.0000363 | BR3: 1.0000316 | BS3: 1.0000275 | BT3: 1.0000232 | BU3: 1.0000204 | BV3: 1.0000175 | BW3: 1.000015 | BX3: 1.0000129 | BY3: 1.0000111 | BZ3: 1.0000095 | CA3: 1.0000082 | CB3: 1.000007 | CC3: 1.0000061 | CD3: 1.0000054 | CE3: 1.0000049 | CF3: 1.0000039
A4: VW 24 | B4: 1.1357988 | C4: 1.1323645 | D4: 1.1284986 | E4: 1.1242483 | F4: 1.1193641 | G4: 1.1144389 | H4: 1.1091998 | I4: 1.1038361 | J4: 1.0987377 | K4: 1.0926876 | L4: 1.0873607 | M4: 1.0813999 | N4: 1.0750556 | O4: 1.0686005 | P4: 1.0627442 | Q4: 1.0576251 | R4: 1.0523338 | S4: 1.0470123 | T4: 1.0422248 | U4: 1.0379712 | V4: 1.0332236 | W4: 1.0297346 | X4: 1.0262116 | Y4: 1.023025 | Z4: 1.0202263 | AA4: 1.0176984 | AB4: 1.0153764 | AC4: 1.0136299 | AD4: 1.0118231 | AE4: 1.0102763 | AF4: 1.0089351 | AG4: 1.0077176 | AH4: 1.006639 | AI4: 1.0057022 | AJ4: 1.0049306 | AK4: 1.0042811 | AL4: 1.0037333 | AM4: 1.0032402 | AN4: 1.0028045 | AO4: 1.0024021 | AP4: 1.0020637 | AQ4: 1.001795 | AR4: 1.0015226 | AS4: 1.0012963 | AT4: 1.0011109 | AU4: 1.0009403 | AV4: 1.0008204 | AW4: 1.0007016 | AX4: 1.0006036 | AY4: 1.0005228 | AZ4: 1.000449 | BA4: 1.0003854 | BB4: 1.0003305 | BC4: 1.0002847 | BD4: 1.0002459 | BE4: 1.000213 | BF4: 1.0001827 | BG4: 1.0001597 | BH4: 1.0001385 | BI4: 1.0001189 | BJ4: 1.0001021 | BK4: 1.0000878 | BL4: 1.0000752 | BM4: 1.0000648 | BN4: 1.0000558 | BO4: 1.000048 | BP4: 1.0000418 | BQ4: 1.0000363 | BR4: 1.0000316 | BS4: 1.0000275 | BT4: 1.0000232 | BU4: 1.0000204 | BV4: 1.0000175 | BW4: 1.000015 | BX4: 1.0000129 | BY4: 1.0000111 | BZ4: 1.0000095 | CA4: 1.0000082 | CB4: 1.000007 | CC4: 1.0000061 | CD4: 1.0000054 | CE4: 1.0000049 | CF4: 1.0000039
A5: VW 12 | B5: 1.1353326 | C5: 1.132115 | D5: 1.1279792 | E5: 1.1237983 | F5: 1.1182059 | G5: 1.1128639 | H5: 1.1076229 | I5: 1.1023307 | J5: 1.0985 | K5: 1.0927155 | L5: 1.0879641 | M5: 1.0822303 | N5: 1.0763666 | O5: 1.0698132 | P5: 1.0643044 | Q5: 1.0582991 | R5: 1.0534653 | S5: 1.0484823 | T5: 1.0432582 | U5: 1.03875 | V5: 1.0338136 | W5: 1.0296959 | X5: 1.0262407 | Y5: 1.0230359 | Z5: 1.0198499 | AA5: 1.017242 | AB5: 1.0148733 | AC5: 1.0134033 | AD5: 1.0115243 | AE5: 1.0098425 | AF5: 1.008663 | AG5: 1.0076407 | AH5: 1.0065195 | AI5: 1.0058363 | AJ5: 1.0050211 | AK5: 1.0043297 | AL5: 1.0038097 | AM5: 1.0033105 | AN5: 1.0028613 | AO5: 1.0024705 | AP5: 1.002138 | AQ5: 1.0018787 | AR5: 1.0016022 | AS5: 1.0013458 | AT5: 1.0011608 | AU5: 1.0009442 | AV5: 1.0008173 | AW5: 1.0007136 | AX5: 1.0006138 | AY5: 1.0005312 | AZ5: 1.00046 | BA5: 1.0003904 | BB5: 1.000332 | BC5: 1.0002861 | BD5: 1.0002413 | BE5: 1.0002085 | BF5: 1.0001768 | BG5: 1.0001556 | BH5: 1.0001366 | BI5: 1.0001148 | BJ5: 1.0000987 | BK5: 1.0000855 | BL5: 1.0000729 | BM5: 1.0000631 | BN5: 1.0000545 | BO5: 1.0000469 | BP5: 1.0000415 | BQ5: 1.0000361 | BR5: 1.0000312 | BS5: 1.0000271 | BT5: 1.0000232 | BU5: 1.0000204 | BV5: 1.0000175 | BW5: 1.000015 | BX5: 1.0000129 | BY5: 1.0000111 | BZ5: 1.0000095 | CA5: 1.0000082 | CB5: 1.000007 | CC5: 1.0000061 | CD5: 1.0000054 | CE5: 1.0000049 | CF5: 1.0000039
A6: S 12 | B6: 1.1358941 | C6: 1.1328064 | D6: 1.1287821 | E6: 1.1244968 | F6: 1.1190411 | G6: 1.113376 | H6: 1.1085356 | I6: 1.1032819 | J6: 1.0990544 | K6: 1.0932638 | L6: 1.0880889 | M6: 1.0822189 | N6: 1.076422 | O6: 1.0697785 | P6: 1.0644134 | Q6: 1.0585799 | R6: 1.0542819 | S6: 1.0493448 | T6: 1.0438404 | U6: 1.0389686 | V6: 1.0343584 | W6: 1.030258 | X6: 1.0267801 | Y6: 1.0234459 | Z6: 1.0203308 | AA6: 1.0176447 | AB6: 1.0151641 | AC6: 1.0135358 | AD6: 1.0115425 | AE6: 1.0099151 | AF6: 1.0087034 | AG6: 1.0077305 | AH6: 1.00662 | AI6: 1.0058664 | AJ6: 1.005041 | AK6: 1.0043585 | AL6: 1.0038252 | AM6: 1.0033127 | AN6: 1.002863 | AO6: 1.0024869 | AP6: 1.0021472 | AQ6: 1.0018711 | AR6: 1.0016003 | AS6: 1.0013347 | AT6: 1.0011527 | AU6: 1.0009581 | AV6: 1.0008322 | AW6: 1.0007252 | AX6: 1.0006232 | AY6: 1.0005423 | AZ6: 1.0004695 | BA6: 1.0003962 | BB6: 1.0003351 | BC6: 1.0002887 | BD6: 1.0002454 | BE6: 1.0002137 | BF6: 1.0001814 | BG6: 1.0001588 | BH6: 1.0001384 | BI6: 1.0001168 | BJ6: 1.0001006 | BK6: 1.0000871 | BL6: 1.000074 | BM6: 1.0000646 | BN6: 1.000056 | BO6: 1.0000482 | BP6: 1.0000423 | BQ6: 1.0000367 | BR6: 1.0000319 | BS6: 1.0000276 | BT6: 1.0000235 | BU6: 1.0000206 | BV6: 1.0000177 | BW6: 1.0000151 | BX6: 1.0000131 | BY6: 1.0000111 | BZ6: 1.0000095 | CA6: 1.0000082 | CB6: 1.000007 | CC6: 1.0000061 | CD6: 1.0000054 | CE6: 1.0000048 | CF6: 1.0000039
A7: S All | B7: 1.13576 | C7: 1.1323092 | D7: 1.1284608 | E7: 1.1243575 | F7: 1.119733 | G7: 1.1148301 | H7: 1.1096754 | I7: 1.1043243 | J7: 1.0987969 | K7: 1.0929801 | L7: 1.087108 | M7: 1.0810947 | N7: 1.0750705 | O7: 1.0689809 | P7: 1.0631062 | Q7: 1.057544 | R7: 1.0521366 | S7: 1.0470513 | T7: 1.0421418 | U7: 1.0376834 | V7: 1.0334389 | W7: 1.029654 | X7: 1.0261773 | Y7: 1.0230525 | Z7: 1.0202309 | AA7: 1.0177207 | AB7: 1.0154339 | AC7: 1.0135074 | AD7: 1.0116805 | AE7: 1.0101533 | AF7: 1.0088211 | AG7: 1.0076749 | AH7: 1.0066419 | AI7: 1.0057648 | AJ7: 1.0049786 | AK7: 1.0043106 | AL7: 1.0037337 | AM7: 1.0032318 | AN7: 1.002789 | AO7: 1.0024008 | AP7: 1.0020635 | AQ7: 1.0017849 | AR7: 1.0015348 | AS7: 1.0013187 | AT7: 1.0011386 | AU7: 1.0009769 | AV7: 1.0008414 | AW7: 1.0007262 | AX7: 1.0006241 | AY7: 1.0005385 | AZ7: 1.0004633 | BA7: 1.0003964 | BB7: 1.0003393 | BC7: 1.000292 | BD7: 1.0002512 | BE7: 1.0002183 | BF7: 1.0001883 | BG7: 1.0001637 | BH7: 1.0001404 | BI7: 1.0001206 | BJ7: 1.0001036 | BK7: 1.0000889 | BL7: 1.0000762 | BM7: 1.0000657 | BN7: 1.0000566 | BO7: 1.0000487 | BP7: 1.0000423 | BQ7: 1.0000367 | BR7: 1.0000321 | BS7: 1.0000278 | BT7: 1.0000235 | BU7: 1.0000206 | BV7: 1.0000177 | BW7: 1.0000151 | BX7: 1.0000131 | BY7: 1.0000111 | BZ7: 1.0000095 | CA7: 1.0000082 | CB7: 1.000007 | CC7: 1.0000061 | CD7: 1.0000054 | CE7: 1.0000048 | CF7: 1.0000039
A8: Prior Selected | B8: 1 | C8: 1 | D8: 1 | E8: 1 | F8: 1 | G8: 1 | H8: 1 | I8: 1 | J8: 1 | K8: 1 | L8: 1 | M8: 1 | N8: 1 | O8: 1 | P8: 1 | Q8: 1 | R8: 1 | S8: 1 | T8: 1 | U8: 1 | V8: 1 | W8: 1 | X8: 1 | Y8: 1 | Z8: 1 | AA8: 1 | AB8: 1 | AC8: 1 | AD8: 1 | AE8: 1 | AF8: 1 | AG8: 1 | AH8: 1 | AI8: 1 | AJ8: 1 | AK8: 1 | AL8: 1 | AM8: 1 | AN8: 1 | AO8: 1 | AP8: 1 | AQ8: 1 | AR8: 1 | AS8: 1 | AT8: 1 | AU8: 1 | AV8: 1 | AW8: 1 | AX8: 1 | AY8: 1 | AZ8: 1 | BA8: 1 | BB8: 1 | BC8: 1 | BD8: 1 | BE8: 1 | BF8: 1 | BG8: 1 | BH8: 1 | BI8: 1 | BJ8: 1 | BK8: 1 | BL8: 1 | BM8: 1 | BN8: 1 | BO8: 1 | BP8: 1 | BQ8: 1 | BR8: 1 | BS8: 1 | BT8: 1 | BU8: 1 | BV8: 1 | BW8: 1 | BX8: 1 | BY8: 1 | BZ8: 1 | CA8: 1 | CB8: 1 | CC8: 1 | CD8: 1 | CE8: 1 | CF8: 1
A9: Selected | B9: 1.135241 | C9: 1.131744 | D9: 1.1278343 | E9: 1.1237197 | F9: 1.1190203 | G9: 1.1141149 | H9: 1.1089203 | I9: 1.1035418 | J9: 1.0980047 | K9: 1.0921778 | L9: 1.0863725 | M9: 1.0803748 | N9: 1.0743697 | O9: 1.0683121 | P9: 1.0624811 | Q9: 1.0569782 | R9: 1.051609 | S9: 1.0465539 | T9: 1.0417246 | U9: 1.0373075 | V9: 1.0330172 | W9: 1.0292725 | X9: 1.0258295 | Y9: 1.0227397 | Z9: 1.0199489 | AA9: 1.0174717 | AB9: 1.0152264 | AC9: 1.0133417 | AD9: 1.0115787 | AE9: 1.0100623 | AF9: 1.0087405 | AG9: 1.0075919 | AH9: 1.0065663 | AI9: 1.0057008 | AJ9: 1.0049238 | AK9: 1.004259 | AL9: 1.0036917 | AM9: 1.0031937 | AN9: 1.0027554 | AO9: 1.0023704 | AP9: 1.0020418 | AQ9: 1.0017678 | AR9: 1.0015191 | AS9: 1.0013051 | AT9: 1.0011272 | AU9: 1.0009637 | AV9: 1.0008298 | AW9: 1.0007158 | AX9: 1.000615 | AY9: 1.0005299 | AZ9: 1.0004559 | BA9: 1.000391 | BB9: 1.0003354 | BC9: 1.0002886 | BD9: 1.0002481 | BE9: 1.0002148 | BF9: 1.0001853 | BG9: 1.0001614 | BH9: 1.0001386 | BI9: 1.0001189 | BJ9: 1.0001021 | BK9: 1.0000878 | BL9: 1.0000752 | BM9: 1.0000648 | BN9: 1.0000558 | BO9: 1.000048 | BP9: 1.0000418 | BQ9: 1.0000363 | BR9: 1.0000316 | BS9: 1.0000275 | BT9: 1.0000232 | BU9: 1.0000204 | BV9: 1.0000175 | BW9: 1.000015 | BX9: 1.0000129 | BY9: 1.0000111 | BZ9: 1.0000095 | CA9: 1.0000082 | CB9: 1.000007 | CC9: 1.0000061 | CD9: 1.0000054 | CE9: 1.0000049 | CF9: 1.0000039
A11: ATU Matrix (Age-to-Ultimate)
A12: measure | B12: 1 | C12: 2 | D12: 3 | E12: 4 | F12: 5 | G12: 6 | H12: 7 | I12: 8 | J12: 9 | K12: 10 | L12: 11 | M12: 12 | N12: 13 | O12: 14 | P12: 15 | Q12: 16 | R12: 17 | S12: 18 | T12: 19 | U12: 20 | V12: 21 | W12: 22 | X12: 23 | Y12: 24 | Z12: 25 | AA12: 26 | AB12: 27 | AC12: 28 | AD12: 29 | AE12: 30 | AF12: 31 | AG12: 32 | AH12: 33 | AI12: 34 | AJ12: 35 | AK12: 36 | AL12: 37 | AM12: 38 | AN12: 39 | AO12: 40 | AP12: 41 | AQ12: 42 | AR12: 43 | AS12: 44 | AT12: 45 | AU12: 46 | AV12: 47 | AW12: 48 | AX12: 49 | AY12: 50 | AZ12: 51 | BA12: 52 | BB12: 53 | BC12: 54 | BD12: 55 | BE12: 56 | BF12: 57 | BG12: 58 | BH12: 59 | BI12: 60 | BJ12: 61 | BK12: 62 | BL12: 63 | BM12: 64 | BN12: 65 | BO12: 66 | BP12: 67 | BQ12: 68 | BR12: 69 | BS12: 70 | BT12: 71 | BU12: 72 | BV12: 73 | BW12: 74 | BX12: 75 | BY12: 76 | BZ12: 77 | CA12: 78 | CB12: 79 | CC12: 80 | CD12: 81 | CE12: 82 | CF12: 83
A13: Selected ATA | B13: 1.135241 | C13: 1.131744 | D13: 1.1278343 | E13: 1.1237197 | F13: 1.1190203 | G13: 1.1141149 | H13: 1.1089203 | I13: 1.1035418 | J13: 1.0980047 | K13: 1.0921778 | L13: 1.0863725 | M13: 1.0803748 | N13: 1.0743697 | O13: 1.0683121 | P13: 1.0624811 | Q13: 1.0569782 | R13: 1.051609 | S13: 1.0465539 | T13: 1.0417246 | U13: 1.0373075 | V13: 1.0330172 | W13: 1.0292725 | X13: 1.0258295 | Y13: 1.0227397 | Z13: 1.0199489 | AA13: 1.0174717 | AB13: 1.0152264 | AC13: 1.0133417 | AD13: 1.0115787 | AE13: 1.0100623 | AF13: 1.0087405 | AG13: 1.0075919 | AH13: 1.0065663 | AI13: 1.0057008 | AJ13: 1.0049238 | AK13: 1.004259 | AL13: 1.0036917 | AM13: 1.0031937 | AN13: 1.0027554 | AO13: 1.0023704 | AP13: 1.0020418 | AQ13: 1.0017678 | AR13: 1.0015191 | AS13: 1.0013051 | AT13: 1.0011272 | AU13: 1.0009637 | AV13: 1.0008298 | AW13: 1.0007158 | AX13: 1.000615 | AY13: 1.0005299 | AZ13: 1.0004559 | BA13: 1.000391 | BB13: 1.0003354 | BC13: 1.0002886 | BD13: 1.0002481 | BE13: 1.0002148 | BF13: 1.0001853 | BG13: 1.0001614 | BH13: 1.0001386 | BI13: 1.0001189 | BJ13: 1.0001021 | BK13: 1.0000878 | BL13: 1.0000752 | BM13: 1.0000648 | BN13: 1.0000558 | BO13: 1.000048 | BP13: 1.0000418 | BQ13: 1.0000363 | BR13: 1.0000316 | BS13: 1.0000275 | BT13: 1.0000232 | BU13: 1.0000204 | BV13: 1.0000175 | BW13: 1.000015 | BX13: 1.0000129 | BY13: 1.0000111 | BZ13: 1.0000095 | CA13: 1.0000082 | CB13: 1.000007 | CC13: 1.0000061 | CD13: 1.0000054 | CE13: 1.0000049 | CF13: 1.0000039
A14: Prior Selected ATA | B14: 1 | C14: 1 | D14: 1 | E14: 1 | F14: 1 | G14: 1 | H14: 1 | I14: 1 | J14: 1 | K14: 1 | L14: 1 | M14: 1 | N14: 1 | O14: 1 | P14: 1 | Q14: 1 | R14: 1 | S14: 1 | T14: 1 | U14: 1 | V14: 1 | W14: 1 | X14: 1 | Y14: 1 | Z14: 1 | AA14: 1 | AB14: 1 | AC14: 1 | AD14: 1 | AE14: 1 | AF14: 1 | AG14: 1 | AH14: 1 | AI14: 1 | AJ14: 1 | AK14: 1 | AL14: 1 | AM14: 1 | AN14: 1 | AO14: 1 | AP14: 1 | AQ14: 1 | AR14: 1 | AS14: 1 | AT14: 1 | AU14: 1 | AV14: 1 | AW14: 1 | AX14: 1 | AY14: 1 | AZ14: 1 | BA14: 1 | BB14: 1 | BC14: 1 | BD14: 1 | BE14: 1 | BF14: 1 | BG14: 1 | BH14: 1 | BI14: 1 | BJ14: 1 | BK14: 1 | BL14: 1 | BM14: 1 | BN14: 1 | BO14: 1 | BP14: 1 | BQ14: 1 | BR14: 1 | BS14: 1 | BT14: 1 | BU14: 1 | BV14: 1 | BW14: 1 | BX14: 1 | BY14: 1 | BZ14: 1 | CA14: 1 | CB14: 1 | CC14: 1 | CD14: 1 | CE14: 1 | CF14: 1
A15: ATU | B15: 6.9556586 | C15: 6.1270327 | D15: 5.4137973 | E15: 4.8001707 | F15: 4.2716799 | G15: 3.8173392 | H15: 3.4263426 | I15: 3.0898004 | J15: 2.7998944 | K15: 2.5499839 | L15: 2.3347701 | M15: 2.1491432 | N15: 1.9892571 | O15: 1.8515572 | P15: 1.7331613 | Q15: 1.6312397 | R15: 1.5433049 | S15: 1.4675653 | T15: 1.4022836 | U15: 1.3461174 | V15: 1.2977033 | W15: 1.2562262 | X15: 1.2204992 | Y15: 1.1897681 | Z15: 1.1633147 | AA15: 1.1405618 | AB15: 1.1209764 | AC15: 1.104164 | AD15: 1.0896265 | AE15: 1.0771544 | AF15: 1.0664237 | AG15: 1.0571833 | AH15: 1.0492178 | AI15: 1.0423733 | AJ15: 1.0364646 | AK15: 1.0313863 | AL15: 1.0270123 | AM15: 1.0232348 | AN15: 1.0199773 | AO15: 1.0171746 | AP15: 1.0147691 | AQ15: 1.0127014 | AR15: 1.0109143 | AS15: 1.009381 | AT15: 1.0080654 | AU15: 1.0069304 | AV15: 1.0059609 | AW15: 1.0051268 | AX15: 1.0044079 | AY15: 1.0037906 | AZ15: 1.0032589 | BA15: 1.0028017 | BB15: 1.0024098 | BC15: 1.0020736 | BD15: 1.0017845 | BE15: 1.001536 | BF15: 1.0013209 | BG15: 1.0011355 | BH15: 1.0009739 | BI15: 1.0008352 | BJ15: 1.0007162 | BK15: 1.0006141 | BL15: 1.0005263 | BM15: 1.000451 | BN15: 1.0003862 | BO15: 1.0003303 | BP15: 1.0002823 | BQ15: 1.0002405 | BR15: 1.0002042 | BS15: 1.0001726 | BT15: 1.0001451 | BU15: 1.0001219 | BV15: 1.0001015 | BW15: 1.000084 | BX15: 1.0000691 | BY15: 1.0000561 | BZ15: 1.000045 | CA15: 1.0000355 | CB15: 1.0000273 | CC15: 1.0000203 | CD15: 1.0000142 | CE15: 1.0000088 | CF15: 1.0000039
A16: Prior ATU | B16: 1 | C16: 1 | D16: 1 | E16: 1 | F16: 1 | G16: 1 | H16: 1 | I16: 1 | J16: 1 | K16: 1 | L16: 1 | M16: 1 | N16: 1 | O16: 1 | P16: 1 | Q16: 1 | R16: 1 | S16: 1 | T16: 1 | U16: 1 | V16: 1 | W16: 1 | X16: 1 | Y16: 1 | Z16: 1 | AA16: 1 | AB16: 1 | AC16: 1 | AD16: 1 | AE16: 1 | AF16: 1 | AG16: 1 | AH16: 1 | AI16: 1 | AJ16: 1 | AK16: 1 | AL16: 1 | AM16: 1 | AN16: 1 | AO16: 1 | AP16: 1 | AQ16: 1 | AR16: 1 | AS16: 1 | AT16: 1 | AU16: 1 | AV16: 1 | AW16: 1 | AX16: 1 | AY16: 1 | AZ16: 1 | BA16: 1 | BB16: 1 | BC16: 1 | BD16: 1 | BE16: 1 | BF16: 1 | BG16: 1 | BH16: 1 | BI16: 1 | BJ16: 1 | BK16: 1 | BL16: 1 | BM16: 1 | BN16: 1 | BO16: 1 | BP16: 1 | BQ16: 1 | BR16: 1 | BS16: 1 | BT16: 1 | BU16: 1 | BV16: 1 | BW16: 1 | BX16: 1 | BY16: 1 | BZ16: 1 | CA16: 1 | CB16: 1 | CC16: 1 | CD16: 1 | CE16: 1 | CF16: 1
A17: % Developed | B17: 0.14376784 | C17: 0.16321114 | D17: 0.18471323 | E17: 0.20832592 | F17: 0.23409994 | G17: 0.26196257 | H17: 0.2918564 | I17: 0.3236455 | J17: 0.35715633 | K17: 0.39215934 | L17: 0.4283077 | M17: 0.46530171 | N17: 0.50270023 | O17: 0.54008592 | P17: 0.57698033 | Q17: 0.6130307 | R17: 0.64796012 | S17: 0.68140069 | T17: 0.71312252 | U17: 0.74287727 | V17: 0.77059217 | W17: 0.79603497 | X17: 0.81933687 | Y17: 0.84049993 | Z17: 0.85961261 | AA17: 0.87676093 | AB17: 0.89207941 | AC17: 0.90566256 | AD17: 0.91774567 | AE17: 0.92837201 | AF17: 0.93771362 | AG17: 0.94590972 | AH17: 0.953091 | AI17: 0.95934923 | AJ17: 0.96481831 | AK17: 0.96956884 | AL17: 0.9736982 | AM17: 0.97729276 | AN17: 0.98041398 | AO17: 0.98311543 | AP17: 0.98544582 | AQ17: 0.98745793 | AR17: 0.98920355 | AS17: 0.99070621 | AT17: 0.99199914 | AU17: 0.99311734 | AV17: 0.99407445 | AW17: 0.99489931 | AX17: 0.99561141 | AY17: 0.99622373 | AZ17: 0.99675167 | BA17: 0.99720609 | BB17: 0.99759603 | BC17: 0.99793064 | BD17: 0.99821867 | BE17: 0.99846636 | BF17: 0.99868082 | BG17: 0.99886583 | BH17: 0.99902705 | BI17: 0.99916549 | BJ17: 0.99928431 | BK17: 0.99938631 | BL17: 0.99947401 | BM17: 0.9995492 | BN17: 0.999614 | BO17: 0.99966982 | BP17: 0.99971781 | BQ17: 0.99975958 | BR17: 0.99979584 | BS17: 0.99982746 | BT17: 0.99985492 | BU17: 0.99987813 | BV17: 0.99989851 | BW17: 0.999916 | BX17: 0.99993095 | BY17: 0.9999439 | BZ17: 0.999955 | CA17: 0.99996453 | CB17: 0.99997274 | CC17: 0.99997973 | CD17: 0.99998579 | CE17: 0.99999118 | CF17: 0.99999609
A18: Prior % Developed | B18: 1 | C18: 1 | D18: 1 | E18: 1 | F18: 1 | G18: 1 | H18: 1 | I18: 1 | J18: 1 | K18: 1 | L18: 1 | M18: 1 | N18: 1 | O18: 1 | P18: 1 | Q18: 1 | R18: 1 | S18: 1 | T18: 1 | U18: 1 | V18: 1 | W18: 1 | X18: 1 | Y18: 1 | Z18: 1 | AA18: 1 | AB18: 1 | AC18: 1 | AD18: 1 | AE18: 1 | AF18: 1 | AG18: 1 | AH18: 1 | AI18: 1 | AJ18: 1 | AK18: 1 | AL18: 1 | AM18: 1 | AN18: 1 | AO18: 1 | AP18: 1 | AQ18: 1 | AR18: 1 | AS18: 1 | AT18: 1 | AU18: 1 | AV18: 1 | AW18: 1 | AX18: 1 | AY18: 1 | AZ18: 1 | BA18: 1 | BB18: 1 | BC18: 1 | BD18: 1 | BE18: 1 | BF18: 1 | BG18: 1 | BH18: 1 | BI18: 1 | BJ18: 1 | BK18: 1 | BL18: 1 | BM18: 1 | BN18: 1 | BO18: 1 | BP18: 1 | BQ18: 1 | BR18: 1 | BS18: 1 | BT18: 1 | BU18: 1 | BV18: 1 | BW18: 1 | BX18: 1 | BY18: 1 | BZ18: 1 | CA18: 1 | CB18: 1 | CC18: 1 | CD18: 1 | CE18: 1 | CF18: 1

Sheet Python Reference
A1: Python Reference — values calculated in Python
A2: accident_period | B2: actual_development_period | C2: atu_period | D2: Actual | E2: ATU | F2: % Developed | G2: Ultimate | H2: additional_development | I2: atu_below_1 | J2: percent_developed_above_1 | K2: ultimate_below_actual
A3: 2016-01 | B3: dev_83 | D3: 268376.25 | E3: 1 | F3: 1 | G3: 268376.25 | H3: 0 | I3: False | J3: False | K3: False
A4: 2016-02 | B4: dev_82 | C4: dev_83 | D4: 696764.11 | E4: 1.0000039 | F4: 0.99999609 | G4: 696766.84 | H4: 2.7253858 | I4: False | J4: False | K4: False
A5: 2016-03 | B5: dev_81 | C5: dev_82 | D5: 1080824.5 | E5: 1.0000088 | F5: 0.99999118 | G5: 1080834.1 | H5: 9.5278712 | I5: False | J5: False | K5: False
A6: 2016-04 | B6: dev_80 | C6: dev_81 | D6: 665486.7 | E6: 1.0000142 | F6: 0.99998579 | G6: 665496.16 | H6: 9.4591676 | I6: False | J6: False | K6: False
A7: 2016-05 | B7: dev_79 | C7: dev_80 | D7: 305209.99 | E7: 1.0000203 | F7: 0.99997973 | G7: 305216.18 | H7: 6.1866302 | I7: False | J7: False | K7: False
A8: 2016-06 | B8: dev_78 | C8: dev_79 | D8: 398074.71 | E8: 1.0000273 | F8: 0.99997274 | G8: 398085.56 | H8: 10.851085 | I8: False | J8: False | K8: False
A9: 2016-07 | B9: dev_77 | C9: dev_78 | D9: 375857.39 | E9: 1.0000355 | F9: 0.99996453 | G9: 375870.72 | H9: 13.332864 | I9: False | J9: False | K9: False
A10: 2016-08 | B10: dev_76 | C10: dev_77 | D10: 196441.82 | E10: 1.000045 | F10: 0.999955 | G10: 196450.66 | H10: 8.8411325 | I10: False | J10: False | K10: False
A11: 2016-09 | B11: dev_75 | C11: dev_76 | D11: 189417.26 | E11: 1.0000561 | F11: 0.9999439 | G11: 189427.88 | H11: 10.627239 | I11: False | J11: False | K11: False
A12: 2016-10 | B12: dev_74 | C12: dev_75 | D12: 387383.84 | E12: 1.0000691 | F12: 0.99993095 | G12: 387410.59 | H12: 26.750163 | I12: False | J12: False | K12: False
A13: 2016-11 | B13: dev_73 | C13: dev_74 | D13: 317992.18 | E13: 1.000084 | F13: 0.999916 | G13: 318018.9 | H13: 26.713752 | I13: False | J13: False | K13: False
A14: 2016-12 | B14: dev_72 | C14: dev_73 | D14: 320341.78 | E14: 1.0001015 | F14: 0.99989851 | G14: 320374.29 | H14: 32.516077 | I14: False | J14: False | K14: False
A15: 2017-01 | B15: dev_71 | C15: dev_72 | D15: 610795.88 | E15: 1.0001219 | F15: 0.99987813 | G15: 610870.33 | H15: 74.44538 | I15: False | J15: False | K15: False
... A86: 2022-12 | B86: dev_0 | C86: dev_1 | D86: 97464.529 | E86: 6.9556586 | F86: 0.14376784 | G86: 677929.99 | H86: 580465.46 | I86: False | J86: False | K86: False

Sheet Formula Calculations
A1: Formula Calculations — formulas link to Python Reference. Libraries write formulas but do not calculate them. Press Ctrl+Alt+F9 in Excel and verify column E matches Python Reference Ultimate.
A2: accident_period | B2: current_incurred | C2: ATU | D2: pct_developed | E2: atu_product_check (=B*C) | F2: ultimate_pct_dev (=B/D) | G2: additional_dev (=E-B) | H2: calculation_note
A3: 2016-01 | B3: ='Python Reference'!D3 -> 268376.25 | C3: ='Python Reference'!E3 -> 1 | D3: ='Python Reference'!F3 -> 1 | E3: =B3*C3 -> 268376.25 | F3: =B3/D3 -> 268376.25 | G3: =E3-B3 -> 0 | H3: Press Ctrl+Alt+F9 to force recalculation; columns E and F should both match Python Reference Ultimate.
A4: 2016-02 | B4: ='Python Reference'!D4 -> 696764.11 | C4: ='Python Reference'!E4 -> 1.0000039 | D4: ='Python Reference'!F4 -> 0.99999609 | E4: =B4*C4 -> 696766.84 | F4: =B4/D4 -> 696766.84 | G4: =E4-B4 -> 2.7253858 | H4: Changing the ATU value in column C updates columns E and G through the formula chain.
A5: 2016-03 | B5: ='Python Reference'!D5 -> 1080824.5 | C5: ='Python Reference'!E5 -> 1.0000088 | D5: ='Python Reference'!F5 -> 0.99999118 | E5: =B5*C5 -> 1080834.1 | F5: =B5/D5 -> 1080834.1 | G5: =E5-B5 -> 9.5278712 | H5: An ATU of 1.0 produces additional_development = 0 (current_incurred = ultimate).
A6: 2016-04 | B6: ='Python Reference'!D6 -> 665486.7 | C6: ='Python Reference'!E6 -> 1.0000142 | D6: ='Python Reference'!F6 -> 0.99998579 | E6: =B6*C6 -> 665496.16 | F6: =B6/D6 -> 665496.16 | G6: =E6-B6 -> 9.4591676
A7: 2016-05 | B7: ='Python Reference'!D7 -> 305209.99 | C7: ='Python Reference'!E7 -> 1.0000203 | D7: ='Python Reference'!F7 -> 0.99997973 | E7: =B7*C7 -> 305216.18 | F7: =B7/D7 -> 305216.18 | G7: =E7-B7 -> 6.1866302
A8: 2016-06 | B8: ='Python Reference'!D8 -> 398074.71 | C8: ='Python Reference'!E8 -> 1.0000273 | D8: ='Python Reference'!F8 -> 0.99997274 | E8: =B8*C8 -> 398085.56 | F8: =B8/D8 -> 398085.56 | G8: =E8-B8 -> 10.851085
A9: 2016-07 | B9: ='Python Reference'!D9 -> 375857.39 | C9: ='Python Reference'!E9 -> 1.0000355 | D9: ='Python Reference'!F9 -> 0.99996453 | E9: =B9*C9 -> 375870.72 | F9: =B9/D9 -> 375870.72 | G9: =E9-B9 -> 13.332864
A10: 2016-08 | B10: ='Python Reference'!D10 -> 196441.82 | C10: ='Python Reference'!E10 -> 1.000045 | D10: ='Python Reference'!F10 -> 0.999955 | E10: =B10*C10 -> 196450.66 | F10: =B10/D10 -> 196450.66 | G10: =E10-B10 -> 8.8411325
A11: 2016-09 | B11: ='Python Reference'!D11 -> 189417.26 | C11: ='Python Reference'!E11 -> 1.0000561 | D11: ='Python Reference'!F11 -> 0.9999439 | E11: =B11*C11 -> 189427.88 | F11: =B11/D11 -> 189427.88 | G11: =E11-B11 -> 10.627239
A12: 2016-10 | B12: ='Python Reference'!D12 -> 387383.84 | C12: ='Python Reference'!E12 -> 1.0000691 | D12: ='Python Reference'!F12 -> 0.99993095 | E12: =B12*C12 -> 387410.59 | F12: =B12/D12 -> 387410.59 | G12: =E12-B12 -> 26.750163
A13: 2016-11 | B13: ='Python Reference'!D13 -> 317992.18 | C13: ='Python Reference'!E13 -> 1.000084 | D13: ='Python Reference'!F13 -> 0.999916 | E13: =B13*C13 -> 318018.9 | F13: =B13/D13 -> 318018.9 | G13: =E13-B13 -> 26.713752
A14: 2016-12 | B14: ='Python Reference'!D14 -> 320341.78 | C14: ='Python Reference'!E14 -> 1.0001015 | D14: ='Python Reference'!F14 -> 0.99989851 | E14: =B14*C14 -> 320374.29 | F14: =B14/D14 -> 320374.29 | G14: =E14-B14 -> 32.516077
A15: 2017-01 | B15: ='Python Reference'!D15 -> 610795.88 | C15: ='Python Reference'!E15 -> 1.0001219 | D15: ='Python Reference'!F15 -> 0.99987813 | E15: =B15*C15 -> 610870.33 | F15: =B15/D15 -> 610870.33 | G15: =E15-B15 -> 74.44538
A16: 2017-02 | B16: ='Python Reference'!D16 -> 484312.29 | C16: ='Python Reference'!E16 -> 1.0001451 | D16: ='Python Reference'!F16 -> 0.99985492 | E16: =B16*C16 -> 484382.56 | F16: =B16/D16 -> 484382.56 | G16: =E16-B16 -> 70.272187
A17: 2017-03 | B17: ='Python Reference'!D17 -> 691311.21 | C17: ='Python Reference'!E17 -> 1.0001726 | D17: ='Python Reference'!F17 -> 0.99982746 | E17: =B17*C17 -> 691430.51 | F17: =B17/D17 -> 691430.51 | G17: =E17-B17 -> 119.29801
... A86: 2022-12 | B86: ='Python Reference'!D86 -> 97464.529 | C86: ='Python Reference'!E86 -> 6.9556586 | D86: ='Python Reference'!F86 -> 0.14376784 | E86: =B86*C86 -> 677929.99 | F86: =B86/D86 -> 677929.99 | G86: =E86-B86 -> 580465.46
